,Pos,P+,Artist and Title,Days,Pk,(x?),Pts,Pts+,TPts,UK,DE,FR,IT,RU,AT,BE,CH,ES,NL,DK,IE,LU,NO,SE,PL,PT,TR,CZ,FI,GR,HU,RO,SI,SK,UA,BG,BY,CY,EE,LT,LV,MD,MT,DATE
0,1,=,Imagine Dragons - LOOM,3,1,(x3),17539,-2759,0.059,2.0,2.0,1.0,2.0,,1.0,4.0,1.0,1.0,1.0,,,,,,120.0,,,1.0,,,46.0,45.0,26.0,13.0,20.0,30.0,,5.0,23.0,12.0,16.0,3.0,,2024-06-30
1,2,+4,Coldplay - Ghost Stories,3773,1,(x98),14838,5161,28.09,13.0,,29.0,45.0,35.0,26.0,24.0,55.0,18.0,14.0,15.0,24.0,7.0,12.0,19.0,13.0,2.0,88.0,7.0,32.0,16.0,17.0,10.0,8.0,6.0,5.0,27.0,10.0,7.0,6.0,5.0,3.0,12.0,5.0,2024-06-30
2,3,+2,Adele - 25,3174,1,(x261),12691,2436,31.717,,107.0,145.0,44.0,29.0,17.0,21.0,52.0,16.0,12.0,8.0,11.0,5.0,5.0,3.0,8.0,,80.0,4.0,6.0,7.0,2.0,2.0,1.0,3.0,3.0,12.0,3.0,3.0,1.0,4.0,4.0,6.0,2.0,2024-06-30
3,4,+6,Coldplay - A Head Full of Dreams,3160,1,(x10),11791,4418,22.719,23.0,,161.0,43.0,67.0,31.0,27.0,57.0,20.0,18.0,26.0,4.0,8.0,30.0,37.0,23.0,5.0,102.0,12.0,56.0,,20.0,7.0,10.0,7.0,9.0,26.0,19.0,16.0,12.0,9.0,12.0,9.0,7.0,2024-06-30
4,5,+4,Daft Punk - Random Access Memories,4101,1,(x131),10963,2786,31.895,,,130.0,,30.0,22.0,22.0,53.0,24.0,16.0,13.0,19.0,6.0,17.0,11.0,11.0,4.0,82.0,8.0,22.0,6.0,3.0,5.0,4.0,5.0,2.0,24.0,2.0,13.0,5.0,6.0,5.0,7.0,6.0,2024-06-30
5,6,+1,ADELE - 21,4099,1,(x10),10551,1076,32.233,,,,41.0,28.0,,,51.0,15.0,11.0,7.0,,4.0,4.0,4.0,9.0,1.0,84.0,5.0,5.0,3.0,1.0,3.0,3.0,4.0,7.0,13.0,25.0,1.0,2.0,3.0,2.0,33.0,1.0,2024-06-30
6,7,+4,London Philharmonic Orchestra & David Parry - The 50 Greatest Pieces of Classical Music,2994,2,(x4),8298,927,14.841,,52.0,,56.0,7.0,21.0,55.0,60.0,,19.0,,60.0,21.0,,31.0,90.0,,90.0,33.0,29.0,,,29.0,,,23.0,48.0,,,,,,15.0,46.0,2024-06-30
7,8,+6,BeyoncÃ© - BEYONCÃ,3849,1,(x58),8084,2073,20.402,,,151.0,,44.0,,39.0,80.0,47.0,15.0,17.0,22.0,,15.0,6.0,14.0,11.0,113.0,27.0,35.0,18.0,34.0,8.0,12.0,9.0,12.0,18.0,4.0,8.0,9.0,10.0,7.0,13.0,14.0,2024-06-30
8,9,+6,Ed Sheeran - Ã·,2677,1,(x74),7779,2148,20.149,,,166.0,57.0,97.0,20.0,25.0,54.0,54.0,21.0,47.0,15.0,9.0,,,20.0,21.0,,14.0,,,31.0,17.0,9.0,10.0,,33.0,,15.0,25.0,56.0,45.0,,10.0,2024-06-30
9,10,-6,Johnny Cash - Songwriter,3,4,,6985,-3650,0.032,31.0,4.0,24.0,,,,5.0,,,,,,,,,,,3.0,,,,,,,,,,,,,,,,,2024-06-30
10,11,-8,The Warning - Keep Me Fed,3,2,(x1),6700,-4111,0.036,69.0,7.0,21.0,,,5.0,,15.0,,,,,,,,,,,,,,,,,,,,,,,,,,,2024-06-30
11,12,+6,P!nk - The Truth About Love,3517,1,(x2),6683,1829,13.863,,,163.0,108.0,84.0,24.0,63.0,59.0,43.0,34.0,71.0,40.0,13.0,26.0,55.0,58.0,,,13.0,39.0,,16.0,13.0,23.0,28.0,,36.0,40.0,47.0,20.0,20.0,18.0,42.0,21.0,2024-06-30
12,13,-5,Taylor Swift - THE TORTURED POETS DEPARTMENT: THE ANTHOLOGY,73,1,(x14),6551,-2765,0.813,14.0,16.0,,,,,9.0,,,4.0,,1.0,,,,,,,,,,,,,,,,,,,,,,,2024-06-30
13,14,+6,Ed Sheeran - x,3732,1,(x27),6308,1705,21.28,,,152.0,80.0,,23.0,101.0,58.0,,32.0,18.0,12.0,14.0,42.0,52.0,24.0,6.0,,25.0,60.0,,,24.0,30.0,16.0,,29.0,,17.0,14.0,27.0,21.0,,11.0,2024-06-30
14,15,+6,Bruno Mars - Unorthodox Jukebox,2951,2,(x1),6120,1622,12.96,,,143.0,106.0,,65.0,30.0,68.0,26.0,22.0,32.0,33.0,11.0,46.0,74.0,60.0,14.0,146.0,35.0,69.0,,36.0,51.0,,26.0,,,,30.0,,,,,30.0,2024-06-30
15,16,+6,AC/DC - Rock or Bust,3115,1,(x24),5571,1284,11.111,,,,114.0,48.0,35.0,88.0,61.0,83.0,,58.0,,15.0,33.0,14.0,32.0,,,31.0,42.0,,27.0,36.0,34.0,33.0,8.0,23.0,7.0,,18.0,,,,,2024-06-30
16,17,=,P!nk - Greatest Hits...So Far,3766,7,,5449,222,12.897,61.0,,,,,59.0,,,,23.0,14.0,26.0,10.0,10.0,27.0,46.0,,,19.0,28.0,,13.0,14.0,11.0,23.0,,42.0,,36.0,42.0,32.0,30.0,,29.0,2024-06-30
17,18,+20,Michael Jackson - Number Ones,2955,1,(x2),5334,2154,11.1,,,,,8.0,61.0,,,31.0,,90.0,51.0,,,,22.0,,,22.0,,,15.0,20.0,29.0,18.0,16.0,,18.0,27.0,24.0,28.0,22.0,8.0,,2024-06-30
18,19,+5,Michael BublÃ© - Christmas,2247,1,(x85),5308,1295,15.363,,,,64.0,,27.0,60.0,82.0,84.0,56.0,78.0,53.0,12.0,51.0,,37.0,25.0,,,109.0,,5.0,40.0,25.0,21.0,,53.0,,22.0,27.0,,35.0,,16.0,2024-06-30
19,20,+15,Muse - Drones,1878,1,(x33),5030,1639,8.605,,,167.0,98.0,37.0,75.0,33.0,64.0,114.0,51.0,,,23.0,,,78.0,28.0,178.0,,98.0,,,46.0,,,6.0,,,,,,19.0,20.0,,2024-06-30
20,21,+11,Whitney Houston - The Ultimate Collection,1932,4,,5021,1433,8.437,,102.0,,81.0,,29.0,58.0,75.0,74.0,52.0,21.0,37.0,,23.0,45.0,38.0,,,,73.0,,33.0,79.0,,39.0,,43.0,,,,,,34.0,48.0,2024-06-30
21,22,+12,Depeche Mode - Delta Machine,3700,3,(x4),4647,1246,11.309,,,,89.0,32.0,,75.0,92.0,,,41.0,,,,32.0,19.0,,190.0,17.0,122.0,,7.0,15.0,,8.0,21.0,20.0,9.0,,19.0,13.0,6.0,,,2024-06-30
22,23,+19,Lady Gaga & Bradley Cooper - A Star Is Born Soundtrack,1918,1,(x88),4588,1540,12.041,,,,97.0,,38.0,89.0,10.0,,,,48.0,24.0,,,25.0,16.0,,21.0,,31.0,40.0,32.0,22.0,12.0,,45.0,,,32.0,,,,35.0,2024-06-30
23,24,+2,Various Artists - 80s 100 Hits,2330,19,,4495,579,7.059,,,,,,,57.0,106.0,28.0,,,,18.0,,,10.0,9.0,112.0,10.0,133.0,14.0,4.0,4.0,2.0,2.0,,19.0,,2.0,3.0,22.0,17.0,,3.0,2024-06-30
24,25,+16,The xx - xx,1255,14,,4489,1411,5.99,,,160.0,113.0,101.0,52.0,31.0,70.0,71.0,68.0,46.0,30.0,29.0,,,67.0,3.0,,,131.0,,,,,,,,,,,,40.0,,,2024-06-30
25,26,+35,SANTA - RECOMMENCE-MOI,38,21,,4405,1954,0.137,,,4.0,,,,3.0,21.0,,,,,,,,,,,,,,,,,,,,,,,,,,,2024-06-30
26,27,+10,Pierre Garnier - Chaque seconde,23,19,,4386,1131,0.084,,,6.0,,,,12.0,7.0,,,,,,,,,,,,,,,,,,,,,,,,,,,2024-06-30
27,28,+20,David Guetta - Listen,2160,1,(x7),4219,1386,9.436,,,,123.0,43.0,46.0,48.0,,55.0,,,,22.0,,,77.0,,92.0,43.0,,,29.0,56.0,,35.0,18.0,,17.0,44.0,,,,16.0,,2024-06-30
28,29,+27,Arctic Monkeys - AM,3245,1,(x10),4127,1595,11.983,,,,,45.0,,29.0,,122.0,,67.0,20.0,,,,27.0,8.0,89.0,,,8.0,39.0,16.0,13.0,,,35.0,,34.0,,,,,28.0,2024-06-30
29,30,+104,Queen - The Platinum Collection,3649,1,(x25),4075,2231,22.504,160.0,125.0,18.0,20.0,,,,,,,,,,,,116.0,,,,,,,54.0,,,,,,,,,,,,2024-06-30
30,31,+22,George Michael - Ladies & Gentlemen: The Best of George Michael,1306,5,,3969,1263,3.972,100.0,,,102.0,,,61.0,,,43.0,85.0,80.0,,,,16.0,35.0,,29.0,,22.0,10.0,19.0,32.0,14.0,,28.0,41.0,48.0,31.0,26.0,23.0,27.0,,2024-06-30
31,32,-30,"Camila Cabello - C,XOXO",3,2,(x1),3960,-7291,0.03,45.0,36.0,23.0,,,,,,,,,,,,,,,,,,,,,,,,,,,,,,,,2024-06-30
32,33,NEW,Pink Floyd - The Dark Side of the Moon,1435,2,(x3),3908,2933,6.034,155.0,55.0,,9.0,69.0,,,,,,,,,,,,,,,,,,,,,,,,,,,,40.0,,2024-06-30
33,34,-18,Bon Jovi - Forever,24,1,(x7),3862,-1423,0.249,70.0,22.0,,26.0,,,,,,,,,,,,,,,,,,,,,,,,,,,,,,,2024-06-30
34,35,NEW,Coldplay - A Rush of Blood to the Head,101,19,,3843,3705,1.637,6.0,144.0,,,,,,16.0,,,,6.0,,,,,,,,,,,,,,,,,,,,,,,2024-06-30
35,36,+13,One Direction - Midnight Memories,1291,1,(x5),3793,965,8.153,,,,103.0,,57.0,64.0,,115.0,44.0,23.0,23.0,,21.0,23.0,,,185.0,,51.0,23.0,,62.0,46.0,,,,,4.0,,,,,25.0,2024-06-30
36,37,+47,Rammstein - RAMMSTEIN,1340,1,(x21),3792,1568,5.608,,53.0,,,49.0,43.0,105.0,97.0,,,,,26.0,,,70.0,,,,124.0,,,53.0,,,4.0,,1.0,,29.0,,,,,2024-06-30
37,38,+40,"Nickelback - The Best of Nickelback, Vol. 1",467,7,,3738,1432,3.475,37.0,,,,10.0,,,,,,,,,,,,,,,,,,,,,14.0,59.0,29.0,,,30.0,,29.0,,2024-06-30
38,39,+16,Michael Jackson - Michael Jackson's This Is It,977,13,,3704,1005,5.191,,,,82.0,,44.0,35.0,63.0,73.0,,56.0,,19.0,20.0,33.0,,,,,,28.0,,,,,,,,,,,,,,2024-06-30
39,40,+23,One Direction - FOUR,854,1,(x12),3572,1123,6.472,,,,93.0,,48.0,104.0,,,55.0,36.0,38.0,,39.0,25.0,,32.0,,,46.0,27.0,,55.0,43.0,,,,,9.0,38.0,,,47.0,32.0,2024-06-30
40,41,+191,Rammstein - Mutter,291,21,,3447,2227,1.613,,,,,4.0,,8.0,,,,,,,,,,,,,,,,,,,,,,,,,,,,2024-06-30
41,42,+25,David Hallyday - Requiem pour un fou,10,22,,3421,1018,0.04,,,2.0,,,,,14.0,,,,,,,,,,,,,,,,,,,,,,,,,,,2024-06-30
42,43,+74,Zaho de Sagazan - La symphonie des Ã©clairs,335,16,,3392,1415,0.893,,,3.0,,,,13.0,,,,,,,,,,,,,,,,,,,,,,,,,,,,2024-06-30
43,44,+37,Muse - The 2nd Law,793,11,,3323,1049,5.231,,,148.0,78.0,85.0,,49.0,69.0,,,,,27.0,56.0,,118.0,18.0,,,33.0,,,60.0,,,,,,,43.0,,13.0,,,2024-06-30
44,45,-12,Various Artists - The Dome Summer 2024,24,30,,3318,-172,0.067,,3.0,,,,,,17.0,,,,,,,,,,,,,,,,,,,,,,,,,,,2024-06-30
45,46,+19,Sia - 1000 Forms of Fear,1819,1,(x1),3316,906,9.308,,,,,42.0,,85.0,89.0,81.0,,,50.0,,,,34.0,,130.0,34.0,88.0,,,33.0,,29.0,22.0,,14.0,,40.0,,31.0,18.0,42.0,2024-06-30
46,47,-1,"Shaboozey - Where I've Been, Isn't Where I'm Going",31,5,,3251,360,0.101,29.0,91.0,,,,6.0,,,,,,45.0,,,,,,,,,,,,,,,,,,,,,,,2024-06-30
47,48,-36,Dua Lipa - Radical Optimism,52,1,(x6),3168,-4130,0.387,4.0,97.0,98.0,,,,,,,,,,,,,,,,,,,,,,,,,,,,,,,,2024-06-30
48,49,-13,Bob Marley & The Wailers - Legend â The Best Of Bob Marley & The Wailers,399,2,(x2),3128,-253,1.549,127.0,56.0,12.0,,,,,,,,,,,,,,,,,,,,,,,,,,,,,,,,2024-06-30
49,50,+64,Birdy - Birdy,986,33,,3034,1026,4.145,,,147.0,,,49.0,28.0,62.0,,25.0,,,20.0,,,83.0,,,,,,,,,,,,,,,,,,,2024-06-30
50,51,+26,Esteriore Brothers - Viva Italia,20,14,,2894,585,0.063,,21.0,,,,,,3.0,,,,,,,,,,,,,,,,,,,,,,,,,,,2024-06-30
51,52,-13,Taylor Swift - Lover,463,1,(x7),2892,-242,1.972,27.0,60.0,,,,,,,,,,2.0,,,,,,,,,,,,,,,,,,,,,5.0,,2024-06-30
52,53,+32,One Direction - Made In the A.M.,960,1,(x6),2845,622,6.117,,,,84.0,,42.0,99.0,,,,84.0,46.0,,76.0,47.0,,,,,40.0,19.0,,26.0,7.0,,,41.0,,11.0,37.0,48.0,,,44.0,2024-06-30
53,54,+52,Michael BublÃ© - To Be Loved,993,1,(x9),2837,770,6.656,,,,,,70.0,110.0,,67.0,46.0,,56.0,,,,44.0,13.0,,,126.0,,26.0,47.0,24.0,,,50.0,,,30.0,43.0,,41.0,34.0,2024-06-30
54,55,+65,Various Artists - Bridgerton Season Three,43,2,(x2),2785,822,0.272,67.0,81.0,26.0,,,,,,,,,,,,,,,,,,,,,,,,,,,,,,,,2024-06-30
55,56,-25,ABBA - ABBA Gold: Greatest Hits,1094,1,(x29),2785,-960,8.068,62.0,118.0,,,,,,,,2.0,1.0,,,,,,,,,,,,,,,,,,,,,,,,2024-06-30
56,57,+127,Soprano - Freedom,10,27,,2775,1269,0.031,,,13.0,,,,,24.0,,,,,,,,,,,,,,,,,,,,,,,,,,,2024-06-30
57,58,NEW,Coldplay - Live 2012,79,14,,2773,2773,1.516,5.0,,,,,,,,,,,5.0,,,,,,,,,,,,,,,,,,,,,,,2024-06-30
58,59,-5,Mikhail Krug - 50 Greatest Hits,824,45,,2747,48,3.171,,,,,2.0,,,,,,,,,,,,,,,,,,,,,15.0,,46.0,,,,,24.0,,2024-06-30
59,60,NEW,Coldplay - X&Y,246,22,,2704,2704,0.989,10.0,75.0,,,,,,,,,,,,,,,,,,,,,,,,,,,,,,,,,2024-06-30
60,61,+164,Die drei ??? - Folge 227: Melodie der Rache,43,27,,2658,1416,0.133,,17.0,,,,,,22.0,,,,,,,,,,,,,,,,,,,,,,,,,,,2024-06-30
61,62,+120,Shania Twain - Greatest Hits,49,34,,2624,1098,0.244,8.0,,,,,,,,,,,7.0,,,,,,,,,,,,,,,,,,,,,,,2024-06-30
62,63,-40,CÃ©line Dion - I AM: CELINE DION,10,5,,2620,-1453,0.058,79.0,11.0,,,,,,,,,,,,,,,,,,,,,,,,,,,,,,,,,2024-06-30
63,64,+55,Pink Floyd - The Endless River,996,1,(x10),2609,646,6.403,,,,75.0,,,,,,76.0,,,28.0,63.0,,51.0,22.0,138.0,,,,,25.0,48.0,,26.0,22.0,,,,60.0,42.0,21.0,19.0,2024-06-30
64,65,NEW,AC/DC - Live At River Plate,22,55,,2521,1513,0.57,,,,,,82.0,,11.0,2.0,,,,,,,,,,,,,,,,,,,,,,,,,,2024-06-30
65,66,NEW,Imagine Dragons - Evolve,1101,1,(x7),2518,2216,7.45,,66.0,,21.0,,,,,,,,,,,,,,,44.0,,,,,,,,,,,,,,,,2024-06-30
66,67,+85,"Various Artists - Bravo Hits, Vol. 125",59,31,,2507,815,0.163,,23.0,,,,,,19.0,,,,,,,,,,,,,,,,,,,,,,,,,,,2024-06-30
67,68,NEW,Coldplay - Parachutes,105,26,,2500,2289,1.359,1.0,,,,,,,,,,,,,,,,,,,,,,,,,,,,,,,,,,2024-06-30
68,69,-12,Beatsteaks - PLEASE,3,44,,2500,0,0.008,,1.0,,,,,,,,,,,,,,,,,,,,,,,,,,,,,,,,,2024-06-30
69,70,-12,Various Artists - Radio Italia Summer Hits 2024,3,58,,2500,0,0.007,,,,1.0,,,,,,,,,,,,,,,,,,,,,,,,,,,,,,,2024-06-30
70,71,-12,Kino - ÐÐµÐ³ÐµÐ½Ð´Ð°,1055,48,,2500,0,2.509,,,,,1.0,,,,,,,,,,,,,,,,,,,,,,,,,,,,,,2024-06-30
71,72,+21,Various Artists - Running Hits,2880,15,,2497,317,8.601,,,,,,,,,,,,,,16.0,53.0,21.0,,,20.0,57.0,29.0,8.0,22.0,6.0,15.0,,46.0,,24.0,16.0,31.0,8.0,,15.0,2024-06-30
72,73,+97,Mark Knopfler & Dire Straits - The Best of Dire Straits & Mark Knopfler: Private Investigations,514,7,,2450,875,1.895,,68.0,19.0,,,,,,,,,,,,,,,,,,,,,,,,,,,,,,,,2024-06-30
73,74,+20,Keane - The Best of Keane,41,8,,2403,224,0.397,3.0,,,,,,,,,,,,,,,,,,,,,,,,,,,,,,,,,,2024-06-30
74,75,+1,Max Pezzali & 883 - Tutto Max,804,56,,2403,92,3.568,,,,3.0,,,,,,,,,,,,,,,,,,,,,,,,,,,,,,,2024-06-30
75,76,+12,Enigma - The Platinum Collection,463,59,,2403,181,2.453,,,,,3.0,,,,,,,,,,,,,,,,,,,,,,,,,,,,,,2024-06-30
76,77,+78,Various Artists - Christmas Album,672,4,,2375,715,3.111,,,,122.0,,,71.0,,,,,,16.0,,,54.0,33.0,,30.0,,35.0,11.0,59.0,54.0,20.0,,,,23.0,,,,,17.0,2024-06-30
77,78,-53,Teddy Swims - I've Tried Everything But Therapy,242,2,(x6),2358,-1565,1.473,18.0,79.0,,,,,,,,,,,,,,,,,,,,,,,,,,,,,,,,,2024-06-30
78,79,-11,Various Artists - Battiti Live 2024,10,59,,2357,-46,0.024,,,,4.0,,,,,,,,,,,,,,,,,,,,,,,,,,,,,,,2024-06-30
79,80,NEW,RADIO TAPOK - Ð­Ð¿Ð¾ÑÐ° ÐÐ¼Ð¿ÐµÑÐ¸Ð¹,43,66,,2351,2304,0.09,,,,,5.0,,,,,,,,,,,,,,,,,,,,,,,,,49.0,,,,,2024-06-30
80,81,-10,Various Artists - Fussball Sommerparty 2024,30,63,,2311,-46,0.064,,5.0,,,,,,,,,,,,,,,,,,,,,,,,,,,,,,,,,2024-06-30
81,82,+41,Thibault Cauvin & M - L'heure miroir,17,24,,2311,372,0.055,,,5.0,,,,,,,,,,,,,,,,,,,,,,,,,,,,,,,,2024-06-30
82,83,-10,ANNA - VERA BADDIE,3,73,,2311,-46,0.007,,,,5.0,,,,,,,,,,,,,,,,,,,,,,,,,,,,,,,2024-06-30
83,84,-44,Various Artists - Ballermann Hits 2024,44,31,,2266,-819,0.106,,6.0,,,,,,,,,,,,,,,,,,,,,,,,,,,,,,,,,2024-06-30
84,85,-33,Ultimo - ALTROVE,45,18,,2266,-463,0.125,,,,6.0,,,,,,,,,,,,,,,,,,,,,,,,,,,,,,,2024-06-30
85,86,NEW,Agust D - Agust D,41,2,(x1),2266,2266,0.263,,,,,6.0,,,,,,,,,,,,,,,,,,,,,,,,,,,,,,2024-06-30
86,87,+104,Linkin Park - LIVING THINGS,814,12,,2249,805,4.692,,,,,117.0,33.0,,67.0,,,,,17.0,,,50.0,,,28.0,91.0,,38.0,75.0,,,,,,,,,,,,2024-06-30
87,88,-45,CÃ©line Dion - My Love - Essential Collection,46,36,,2235,-772,0.812,33.0,57.0,,,,,,,,,,,,,,,,,,,,,,,,,,,,,,,43.0,,2024-06-30
88,89,+41,Verschiedene Interpret:innen - The Very Best of Jazz: 50 Unforgettable Tracks,25,14,,2225,327,0.077,,,,126.0,31.0,,,,,,,,,,,,,86.0,38.0,,,,44.0,,22.0,,,,10.0,,,,,,2024-06-30
89,90,-24,Various Artists - Now That's What I Call a Summer Party,63,64,,2222,-181,0.408,7.0,,,,,,,,,,,,,,,,,,,,,,,,,,,,,,,,,,2024-06-30
90,91,+5,"Karen Cheryl - 4 Hits, Vol.2 - EP",3,82,,2222,43,0.007,,,7.0,,,,,,,,,,,,,,,,,,,,,,,,,,,,,,,,2024-06-30
91,92,+5,Tommaso Paradiso - Tommaso Paradiso in Concerto,3,92,,2222,43,0.007,,,,7.0,,,,,,,,,,,,,,,,,,,,,,,,,,,,,,,2024-06-30
92,93,-66,Kygo - KYGO,10,1,(x2),2218,-1662,0.075,140.0,12.0,,,,,,,,,,,,,,,,,,,,,,,,,,,,,,,,,2024-06-30
93,94,NEW,Mikhail Shufutinskiy - 50 ÐÑÑÑÐ¸Ñ ÐÐµÑÐµÐ½,24,78,,2192,1803,0.678,,,,,11.0,,,,,,,,,,,,,,,,,,,,,32.0,,,,,,,,,2024-06-30
94,95,=,Bernhard Brink - StÃ¤rker als die Ewigkeit,10,85,,2179,0,0.021,,8.0,,,,,,,,,,,,,,,,,,,,,,,,,,,,,,,,,2024-06-30
95,96,-24,Various Artists - NRJ Summer Hits Only 2024,10,61,,2179,-178,0.022,,,8.0,,,,,,,,,,,,,,,,,,,,,,,,,,,,,,,,2024-06-30
96,97,NEW,Angelina Mango - pokÃ© melodrama,20,49,,2179,2179,0.05,,,,8.0,,,,,,,,,,,,,,,,,,,,,,,,,,,,,,,2024-06-30
97,98,+18,Madonna - Celebration,848,11,,2167,178,4.294,188.0,,,74.0,,,,,63.0,,,,,40.0,56.0,62.0,,,,83.0,20.0,43.0,104.0,,36.0,,,,,,,,,,2024-06-30
98,99,+55,Taylor Swift - 1989,2394,1,(x17),2163,482,11.32,65.0,,51.0,,,,,,,,,3.0,,,,,,,,,,,,,,,,,,,,,,,2024-06-30
99,100,+101,Moby - always centered at night,13,1,(x1),2140,762,0.076,,35.0,57.0,,,,,,,,,,,,,,,,,,,,,,,,,,,,,,,,2024-06-30
100,101,+20,Keane - Hopes and Fears,13,101,,2137,198,0.513,9.0,,,,,,,,,,,,,,,,,,,,,,,,,,,,,,,,,,2024-06-30
101,102,+33,K.I.Z - GÃ¶rlitzer Park,10,25,,2137,308,0.029,,9.0,,,,,,,,,,,,,,,,,,,,,,,,,,,,,,,,,2024-06-30
102,103,-28,Rohff - Fitna,10,34,,2137,-174,0.029,,,9.0,,,,,,,,,,,,,,,,,,,,,,,,,,,,,,,,2024-06-30
103,104,NEW,"Basta - ÐÐ°ÑÑÐ° 5, Ð§Ð°ÑÑÑ 2",43,82,,2137,1562,0.993,,,,,9.0,,,,,,,,,,,,,,,,,,,,,,,,,,,,,,2024-06-30
104,105,-6,Various Artists - Fetenhits 80's Maxi Classics,29,71,,2096,-41,0.118,,10.0,,,,,,,,,,,,,,,,,,,,,,,,,,,,,,,,,2024-06-30
105,106,+35,JÃ©rÃ´me Rebotier - Le Comte de Monte Cristo,2,106,,2096,303,0.005,,,10.0,,,,,,,,,,,,,,,,,,,,,,,,,,,,,,,,2024-06-30
106,107,NEW,Ultimo - Alba,110,18,,2096,2096,0.235,,,,10.0,,,,,,,,,,,,,,,,,,,,,,,,,,,,,,,2024-06-30
107,108,NEW,Coldplay - Music of the Spheres,321,1,(x11),2093,2093,1.801,12.0,,,,,,,,,,,,,,,,,,,,,,,,,,,,14.0,,,,,,2024-06-30
108,109,+37,"Depeche Mode - The Best of Depeche Mode, Vol. 1",3603,8,,2076,329,12.8,,,,,92.0,,,,,,,,,,,18.0,,,18.0,,26.0,12.0,12.0,,,24.0,32.0,12.0,,22.0,7.0,10.0,,,2024-06-30
109,110,+103,Skrillex - Bangarang,423,50,,2066,764,2.358,,,,,51.0,47.0,,100.0,,,,,32.0,,,,,139.0,,,,,52.0,,,,,,,,,,,,2024-06-30
110,111,-25,Dua Lipa - Future Nostalgia,374,1,(x10),2055,-167,2.104,11.0,,,,,,,,,,,,,,,,,,,,,,,,,,,,,,,,,,2024-06-30
111,112,-4,Arthur H - LA VIE VIVANTE,3,108,,2055,0,0.006,,,11.0,,,,,,,,,,,,,,,,,,,,,,,,,,,,,,,,2024-06-30
112,113,+46,Franco Battiato - La voce del padrone,91,32,,2055,396,0.38,,,,11.0,,,,,,,,,,,,,,,,,,,,,,,,,,,,,,,2024-06-30
113,114,-23,Buddha Bar - Buddha Bar Beach 10 Years by Ravin,3,22,,2049,-149,0.009,,198.0,62.0,,,,,4.0,,,,,,,,,,,,,,,,,,,,,,,,,,,2024-06-30
114,115,NEW,Lucio Dalla - 12000 Lune,611,60,,2016,1285,2.962,,,,12.0,,,,,,,,,,,,,,,,,,,,,,,,,,,,,,,2024-06-30
115,116,NEW,Aria - 30,141,64,,2016,2016,0.457,,,,,12.0,,,,,,,,,,,,,,,,,,,,,,,,,,,,,,2024-06-30
116,117,NEW,V - Layover - EP,85,1,(x6),1997,1930,0.399,,,,,14.0,,,,,,,,,,,,,,,,,,,,,,,,29.0,,,,,,2024-06-30
117,118,NEW,ADELE - 19,430,7,,1993,858,3.026,,,174.0,,,,83.0,101.0,79.0,20.0,,,,81.0,77.0,,,,,96.0,,,,,,,,,,,,,,,2024-06-30
118,119,+3,"Various Artists - Fetenhits 80s Maxi Classics, Vol. 2",10,82,,1977,38,0.023,,13.0,,,,,,,,,,,,,,,,,,,,,,,,,,,,,,,,,2024-06-30
119,120,+13,Antonello Venditti - TuttoVenditti,83,64,,1977,112,0.727,,,,13.0,,,,,,,,,,,,,,,,,,,,,,,,,,,,,,,2024-06-30
120,121,NEW,"Igor Talkov - ÐÑÑÑÐ¸Ðµ Ð¿ÐµÑÐ½Ð¸, Ð§Ð°ÑÑÑ 1",12,83,,1977,1977,0.037,,,,,13.0,,,,,,,,,,,,,,,,,,,,,,,,,,,,,,2024-06-30
121,122,NEW,Pink Floyd - Wish You Were Here,437,13,,1968,1903,2.4,,,,15.0,,,,,,,,,,,,,,,,,,,,,,,,,,,,,22.0,,2024-06-30
122,123,NEW,Roland Kaiser - Alles Kaiser,94,24,,1951,1764,0.576,,62.0,,,,4.0,,,,,,,,,,,,,,,,,,,,,,,,,,,,,2024-06-30
123,124,-80,Gianna Nannini - Sei nel l'anima,57,10,,1939,-1045,0.192,,14.0,,,,,,,,,,,,,,,,,,,,,,,,,,,,,,,,,2024-06-30
124,125,NEW,Slimane - Chroniques dâun cupidon,204,18,,1939,970,0.559,,,14.0,,,,,,,,,,,,,,,,,,,,,,,,,,,,,,,,2024-06-30
125,126,NEW,Elisa - Diari Aperti,300,34,,1939,1939,0.795,,,,14.0,,,,,,,,,,,,,,,,,,,,,,,,,,,,,,,2024-06-30
126,127,+88,The Last Dinner Party - Prelude to Ecstasy,41,1,(x2),1901,610,0.203,15.0,,,,,,,,,,,,,,,,,,,,,,,,,,,,,,,,,,2024-06-30
127,128,-17,Various Artists - Fetenhits - Neue Deutsche Welle - Best Of,75,107,,1901,-115,0.594,,15.0,,,,,,,,,,,,,,,,,,,,,,,,,,,,,,,,,2024-06-30
128,129,-2,Various Artists - Hits des annÃ©es 2000,90,76,,1901,0,0.199,,,15.0,,,,,,,,,,,,,,,,,,,,,,,,,,,,,,,,2024-06-30
129,130,-20,Jimin - FACE - EP,93,1,(x4),1901,-154,0.497,,,,,15.0,,,,,,,,,,,,,,,,,,,,,,,,,,,,,,2024-06-30
130,131,+62,AC/DC - Iron Man 2,333,29,,1881,455,2.666,102.0,,,,41.0,,,,,,,,,,,74.0,,187.0,,,,,50.0,,,42.0,,,,,,,,,2024-06-30
131,132,NEW,B.K.W.H - B.K.W.H,2,125,,1865,1161,0.006,16.0,,,,,,,,,,,,,,,,,,,,,,,,,,,,,,,,,,2024-06-30
132,133,NEW,Petit Biscuit - Discipline,2,108,,1865,1280,0.004,,,16.0,,,,,,,,,,,,,,,,,,,,,,,,,,,,,,,,2024-06-30
133,134,NEW,Various Artists - 80's - The Platinum Collection,204,62,,1865,1865,0.601,,,,16.0,,,,,,,,,,,,,,,,,,,,,,,,,,,,,,,2024-06-30
134,135,NEW,Rammstein - Sehnsucht,51,19,,1865,1865,0.354,,,,,16.0,,,,,,,,,,,,,,,,,,,,,,,,,,,,,,2024-06-30
135,136,+78,CafÃ© del Mar - The Very Best of CafÃ© del Mar Music,10,94,,1852,551,0.556,,114.0,40.0,,,,,,,,,,,,,,,,,,,32.0,28.0,,,,,,,,,36.0,,51.0,2024-06-30
136,137,NEW,Coldplay - Mylo Xyloto,3041,5,,1829,1829,14.824,17.0,,,,,,,,,,,,,,,,,,,,,,,,,,,,,,,,,,2024-06-30
137,138,+95,Mourad - PrÃ©mices,1,138,,1829,611,0.009,,,17.0,,,,,,,,,,,,,,,,,,,,,,,,,,,,,,,,2024-06-30
138,139,-30,Vasco Rossi - VASCONONSTOP,977,37,,1829,-226,3.266,,,,17.0,,,,,,,,,,,,,,,,,,,,,,,,,,,,,,,2024-06-30
139,140,NEW,CafÃ© del Mar - CafÃ© del Mar ChillWave 2,2,47,,1829,1829,0.344,,,,,17.0,,,,,,,,,,,,,,,,,,,,,,,,,,,,,,2024-06-30
140,141,+102,Macklemore & Ryan Lewis - The Heist,685,6,,1819,633,4.63,,,175.0,,,37.0,98.0,71.0,,,,47.0,34.0,,,101.0,,,,,,,,,,,,,,,,,,,2024-06-30
141,142,+15,Tors - Anything Can Happen - EP,3,142,,1793,134,0.005,,18.0,,,,,,,,,,,,,,,,,,,,,,,,,,,,,,,,,2024-06-30
142,143,NEW,Francesco Guccini - The Platinum Collection,78,72,,1793,1793,0.417,,,,18.0,,,,,,,,,,,,,,,,,,,,,,,,,,,,,,,2024-06-30
143,144,NEW,ANNA ASTI - Ð¦Ð°ÑÐ¸ÑÐ°,97,49,,1793,1793,0.219,,,,,18.0,,,,,,,,,,,,,,,,,,,,,,,,,,,,,,2024-06-30
144,145,+57,The xx - Coexist,526,36,,1765,395,3.807,,,,,,,40.0,87.0,,,,65.0,,,,59.0,7.0,,,,,,99.0,,,,,,,41.0,55.0,28.0,,,2024-06-30
145,146,-72,Olivia Dean - Messy,36,16,,1759,-552,0.131,19.0,,,,,,,,,,,,,,,,,,,,,,,,,,,,,,,,,,2024-06-30
146,147,-7,K.I.Z - Und der Anschlag auf die U8,10,43,,1759,-34,0.024,,19.0,,,,,,,,,,,,,,,,,,,,,,,,,,,,,,,,,2024-06-30
147,148,-4,Various Artists - Radio Italia Summer Hits 2023,145,56,,1759,0,0.336,,,,19.0,,,,,,,,,,,,,,,,,,,,,,,,,,,,,,,2024-06-30
148,149,-87,Big Baby Tape & Aarne - PEEKABOO,3,62,,1759,-692,0.007,,,,,19.0,,,,,,,,,,,,,,,,,,,,,,,,,,,,,,2024-06-30
149,150,+21,Luke Combs - Fathers & Sons,17,11,,1756,190,0.06,22.0,199.0,,,,,,,,,,,,,,,,,,,,,,,,,,,,,,,,,2024-06-30
150,151,-138,Billie Eilish - HIT ME HARD AND SOFT,45,1,(x10),1754,-4377,0.585,44.0,73.0,,,,,,,,,,,,,,,,,,,,,,,,,,,,52.0,,,,,2024-06-30
151,152,-45,Various Artists - NOW That's What I Call Music 117,87,48,,1725,-330,0.206,20.0,,,,,,,,,,,,,,,,,,,,,,,,,,,,,,,,,,2024-06-30
152,153,+66,Joe Bonamassa - Live At The Hollywood Bowl With Orchestra,9,6,,1725,459,0.036,,20.0,,,,,,,,,,,,,,,,,,,,,,,,,,,,,,,,,2024-06-30
153,154,NEW,Dalida - Forever Dalida,88,51,,1725,1725,0.342,,,20.0,,,,,,,,,,,,,,,,,,,,,,,,,,,,,,,,2024-06-30
154,155,NEW,Oleg Gazmanov - ÐÐ¾ÑÐ¿Ð¾Ð´Ð° Ð¾ÑÐ¸ÑÐµÑÑ. 10 Ð»ÐµÑ,1,155,,1725,1725,0.002,,,,,20.0,,,,,,,,,,,,,,,,,,,,,,,,,,,,,,2024-06-30
155,156,NEW,Michael Kiwanuka - Love & Hate,276,2,(x1),1692,1692,1.679,21.0,,,,,,,,,,,,,,,,,,,,,,,,,,,,,,,,,,2024-06-30
156,157,NEW,Law - Singularity Point - EP,1,157,,1692,1692,0.002,,,,,21.0,,,,,,,,,,,,,,,,,,,,,,,,,,,,,,2024-06-30
157,158,NEW,LINKIN PARK - The Hunting Party,441,2,(x4),1678,796,3.219,,,,,50.0,80.0,,115.0,,,,,,,,97.0,,,,,,,,,,34.0,,21.0,,,,,,,2024-06-30
158,159,+46,Prince - Ultimate,312,2,(x3),1669,309,2.291,,,,,,,52.0,,,35.0,42.0,,,,36.0,100.0,,,,,,,,,,,,,,,,,,,2024-06-30
159,160,NEW,MÃ¥neskin - RUSH,335,1,(x13),1659,1659,1.47,,,22.0,,,,,,,,,,,,,,,,,,,,,,,,,,,,,,,,2024-06-30
160,161,-11,883 - Nord Sud Ovest Est,6,137,,1659,-66,0.031,,,,22.0,,,,,,,,,,,,,,,,,,,,,,,,,,,,,,,2024-06-30
161,162,NEW,"Liudi Lesa - Other Whispers, Other Shadows",1,162,,1659,1659,0.002,,,,,22.0,,,,,,,,,,,,,,,,,,,,,,,,,,,,,,2024-06-30
162,163,-118,James Blake & Lil Yachty - Bad Cameo,3,45,,1654,-1323,0.008,,38.0,,,,,,,,,,,,,,,,8.0,,,,,,,,,,,,,,,,,2024-06-30
163,164,+73,AC/DC - Back In Black,506,5,,1647,451,3.389,156.0,,,95.0,109.0,,,103.0,,,,,,,,69.0,,,,,,,30.0,,31.0,35.0,,,,,,,,,2024-06-30
164,165,-96,Dua Lipa - Dua Lipa,375,4,,1642,-722,1.88,25.0,,,,,,,,,,,,,,,,,,,,,,,,,,,,,,15.0,,,,2024-06-30
165,166,-79,Geolier - DIO LO SA,24,25,,1627,-595,0.062,,,,23.0,,,,,,,,,,,,,,,,,,,,,,,,,,,,,,,2024-06-30
166,167,NEW,Jamma-Dee - Perceptions,1,167,,1627,1627,0.002,,,,,23.0,,,,,,,,,,,,,,,,,,,,,,,,,,,,,,2024-06-30
167,168,NEW,Various Artists - Intouchables,204,36,,1623,514,2.727,,,,,,,,84.0,,36.0,,,,,,29.0,,,41.0,,,37.0,,,24.0,,,,,44.0,,,,,2024-06-30
168,169,NEW,Eurythmics - Eurythmics: Greatest Hits,25,12,,1618,1250,0.418,,120.0,33.0,,,,,,,,,,,,,,,,,,,,,,,,,,,,,,,,2024-06-30
169,170,-66,The Beautiful South & The Housemartins - Soup,3,104,,1596,-500,0.097,24.0,,,,,,,,,,,,,,,,,,,,,,,,,,,,,,,,,,2024-06-30
170,171,-142,Yves Murasca & Rosario Galati - DÃ©epalma Ibiza 2024,13,23,,1596,-2208,0.042,,24.0,,,,,,,,,,,,,,,,,,,,,,,,,,,,,,,,,2024-06-30
171,172,NEW,Zucchero - Oro incenso & birra - Zucchero sugar fornaciari,24,85,,1596,1596,0.092,,,,24.0,,,,,,,,,,,,,,,,,,,,,,,,,,,,,,,2024-06-30
172,173,NEW,FrÃ¤ulein - Pedestal - EP,1,173,,1596,1596,0.002,,,,,24.0,,,,,,,,,,,,,,,,,,,,,,,,,,,,,,2024-06-30
173,174,NEW,"Jerome, Markus Gardeweg & Neptunica - Kontor Top of the Clubs 2024.01",113,23,,1566,668,0.276,,25.0,,,,,,,,,,,,,,,,,,,,,,,,,,,,,,,,,2024-06-30
174,175,-39,Koffi OlomidÃ© - PLATINIUM,5,48,,1566,-263,0.011,,,25.0,,,,,,,,,,,,,,,,,,,,,,,,,,,,,,,,2024-06-30
175,176,-8,Jimmy Sax - Jimmy,83,27,,1566,-30,0.209,,,,25.0,,,,,,,,,,,,,,,,,,,,,,,,,,,,,,,2024-06-30
176,177,NEW,"Various Artists - Deep Chords and Electronic Soundscapes, L16",1,177,,1566,1566,0.002,,,,,25.0,,,,,,,,,,,,,,,,,,,,,,,,,,,,,,2024-06-30
177,178,NEW,Coldplay - Viva la Vida or Death and All His Friends,186,13,,1560,1560,1.66,30.0,167.0,,,,,,,,,,,,,,,,,,,,,,,,,,,,,,,,,2024-06-30
178,179,-115,Jungle - Volcano,41,2,(x2),1536,-891,0.2,26.0,,,,,,,,,,,,,,,,,,,,,,,,,,,,,,,,,,2024-06-30
179,180,NEW,Saltatio Mortis - Finsterwacht,21,30,,1536,1082,0.051,,26.0,,,,,,,,,,,,,,,,,,,,,,,,,,,,,,,,,2024-06-30
180,181,NEW,Vacations - Days - EP,1,181,,1536,1536,0.002,,,,,26.0,,,,,,,,,,,,,,,,,,,,,,,,,,,,,,2024-06-30
181,182,NEW,Little Simz - Sometimes I Might Be Introvert,37,6,,1535,1535,0.201,66.0,,59.0,,,,,,,,,,,,,,,,,,,,,,,,,,,,,,,,2024-06-30
182,183,NEW,Die drei ??? - Folge 226: Die Spur der Toten,61,29,,1506,1506,0.181,,27.0,,,,,,,,,,,,,,,,,,,,,,,,,,,,,,,,,2024-06-30
183,184,NEW,CÃ©line Dion - JE SUIS : CÃLINE DION,7,96,,1506,1506,0.014,,,27.0,,,,,,,,,,,,,,,,,,,,,,,,,,,,,,,,2024-06-30
184,185,-23,Various Artists - SUMMER HITS DANCE 2024,10,80,,1506,-121,0.02,,,,27.0,,,,,,,,,,,,,,,,,,,,,,,,,,,,,,,2024-06-30
185,186,NEW,Megadeth - The World Needs a Hero,1,186,,1506,1506,0.002,,,,,27.0,,,,,,,,,,,,,,,,,,,,,,,,,,,,,,2024-06-30
186,187,NEW,Various Artists - Drive,185,60,,1493,339,2.452,,,,,,,77.0,102.0,,,24.0,35.0,,,,31.0,,,,,25.0,,,,,,,,,,,,,,2024-06-30
187,188,NEW,Bruce Springsteen - Greatest Hits,1460,12,,1492,1197,5.375,117.0,,,,,,,,,3.0,,,,,,,,,,,,,,,,,,,,,,,,,2024-06-30
188,189,-119,Various Artists - NOW - Yearbook 1993,3,70,,1477,-880,0.006,28.0,,,,,,,,,,,,,,,,,,,,,,,,,,,,,,,,,,2024-06-30
189,190,NEW,"Jax - Dear Joe,",1,190,,1477,1298,0.002,,28.0,,,,,,,,,,,,,,,,,,,,,,,,,,,,,,,,,2024-06-30
190,191,+49,Various Artists - 100 tubes annÃ©es 80 spÃ©cial variÃ©tÃ©s franÃ§aises,293,61,,1477,282,1.122,,,28.0,,,,,,,,,,,,,,,,,,,,,,,,,,,,,,,,2024-06-30
191,192,+7,Bloom & Giusy Ferreri - Hangover,3,91,,1477,83,0.005,,,,28.0,,,,,,,,,,,,,,,,,,,,,,,,,,,,,,,2024-06-30
192,193,-142,Benson Boone - Fireworks & Rollerblades,86,3,(x3),1466,-1297,0.438,35.0,184.0,,,,,,,,,,,,,,,,,,,,,,,,,,,25.0,,,,,,2024-06-30
193,194,NEW,Mahler Academy Orchestra & Philipp von Steinaecker - Mahler: Symphony No. 9 on Period Instruments,1,194,,1449,1449,0.001,,29.0,,,,,,,,,,,,,,,,,,,,,,,,,,,,,,,,,2024-06-30
194,195,NEW,Various Artists - Deejay Time Celebration,38,54,,1449,1449,0.087,,,,29.0,,,,,,,,,,,,,,,,,,,,,,,,,,,,,,,2024-06-30
195,196,NEW,Rammstein - Zeit,438,1,(x11),1449,819,2.204,,39.0,,,,85.0,,,,,,,,,,,,,,,,,,,,,,,,,,,,,2024-06-30
196,197,NEW,"Billie Eilish - WHEN WE ALL FALL ASLEEP, WHERE DO WE GO",1040,1,(x59),1426,618,8.505,200.0,,114.0,,95.0,87.0,,,,,,,,,,72.0,,,,,,,95.0,,,33.0,,35.0,,,,,,,2024-06-30
197,198,-72,Kontra K - Aus dem Schatten ins Licht,15,38,,1421,-480,0.393,,30.0,,,,,,,,,,,,,,,,,,,,,,,,,,,,,,,,,2024-06-30
198,199,-50,IAM - L'Ã©cole Du Micro D'argent,125,87,,1421,-304,0.734,,,30.0,,,,,,,,,,,,,,,,,,,,,,,,,,,,,,,,2024-06-30
199,200,-8,Fleetwood Mac - Greatest Hits,544,4,,1414,-24,2.843,,,,,,,37.0,,,41.0,,44.0,,,,,,,,,,,,,,,,,,,,,,,2024-06-30
200,1,=,Imagine Dragons - LOOM,4,1,(x4),17236,-303,0.076,4.0,3.0,1.0,2.0,,4.0,3.0,1.0,3.0,1.0,,,,,,,,,1.0,1.0,,,59.0,38.0,18.0,30.0,38.0,,10.0,37.0,17.0,22.0,4.0,,2024-07-01
201,2,=,Coldplay - Ghost Stories,3774,1,(x98),13218,-1620,28.103,14.0,196.0,123.0,40.0,29.0,27.0,41.0,31.0,29.0,35.0,25.0,24.0,6.0,10.0,29.0,14.0,9.0,122.0,9.0,38.0,18.0,18.0,9.0,9.0,9.0,6.0,32.0,9.0,6.0,11.0,8.0,3.0,11.0,5.0,2024-07-01
202,3,=,Adele - 25,3175,1,(x261),12187,-504,31.729,169.0,188.0,121.0,39.0,23.0,18.0,38.0,28.0,27.0,33.0,18.0,11.0,4.0,3.0,13.0,9.0,,114.0,6.0,12.0,9.0,3.0,1.0,2.0,6.0,4.0,14.0,3.0,4.0,6.0,7.0,4.0,5.0,2.0,2024-07-01
203,4,=,Coldplay - A Head Full of Dreams,3161,1,(x10),11049,-742,22.73,22.0,,138.0,38.0,69.0,32.0,44.0,33.0,31.0,39.0,36.0,42.0,7.0,28.0,48.0,24.0,12.0,134.0,14.0,62.0,,21.0,6.0,11.0,10.0,10.0,31.0,17.0,16.0,17.0,12.0,12.0,10.0,7.0,2024-07-01
204,5,=,Daft Punk - Random Access Memories,4102,1,(x131),10597,-366,31.906,,194.0,106.0,,24.0,23.0,39.0,29.0,35.0,37.0,23.0,19.0,5.0,15.0,21.0,12.0,11.0,116.0,10.0,28.0,8.0,4.0,4.0,5.0,8.0,3.0,29.0,2.0,14.0,10.0,9.0,5.0,6.0,6.0,2024-07-01
205,6,=,ADELE - 21,4100,1,(x10),10261,-290,32.243,,,,36.0,22.0,,,27.0,26.0,32.0,17.0,,3.0,2.0,14.0,10.0,8.0,118.0,7.0,11.0,5.0,2.0,2.0,4.0,7.0,8.0,15.0,25.0,2.0,7.0,6.0,2.0,34.0,1.0,2024-07-01
206,7,=,London Philharmonic Orchestra & David Parry - The 50 Greatest Pieces of Classical Music,2995,2,(x4),8454,156,14.849,122.0,58.0,,52.0,2.0,22.0,72.0,36.0,,40.0,,61.0,20.0,,40.0,93.0,,124.0,35.0,35.0,,,30.0,,,23.0,49.0,,,,,,15.0,46.0,2024-07-01
207,8,=,BeyoncÃ© - BEYONCÃ,3850,1,(x58),7540,-544,20.41,,,128.0,,40.0,,56.0,57.0,58.0,36.0,27.0,22.0,,13.0,16.0,15.0,18.0,145.0,29.0,41.0,20.0,35.0,7.0,13.0,12.0,13.0,20.0,4.0,7.0,14.0,13.0,7.0,12.0,13.0,2024-07-01
208,9,=,Ed Sheeran - Ã·,2678,1,(x74),7364,-415,20.156,,193.0,143.0,53.0,99.0,21.0,42.0,30.0,66.0,42.0,,15.0,8.0,,,21.0,28.0,,16.0,,,32.0,16.0,10.0,13.0,,35.0,,15.0,29.0,60.0,44.0,,10.0,2024-07-01
209,10,+2,P!nk - The Truth About Love,3518,1,(x2),6535,-148,13.87,,195.0,140.0,112.0,85.0,25.0,81.0,35.0,54.0,55.0,80.0,40.0,12.0,24.0,65.0,60.0,,,15.0,45.0,,17.0,12.0,19.0,30.0,,53.0,39.0,43.0,25.0,22.0,17.0,43.0,20.0,2024-07-01
210,11,+3,Ed Sheeran - x,3733,1,(x27),6131,-177,21.286,,,129.0,82.0,,24.0,118.0,34.0,,53.0,28.0,12.0,13.0,39.0,62.0,26.0,13.0,,27.0,66.0,,,23.0,29.0,19.0,,33.0,,17.0,19.0,32.0,20.0,,11.0,2024-07-01
211,12,+4,AC/DC - Rock or Bust,3116,1,(x24),5696,125,11.117,,200.0,,118.0,45.0,36.0,105.0,37.0,93.0,,67.0,,14.0,31.0,24.0,33.0,,,33.0,48.0,,28.0,35.0,33.0,36.0,9.0,28.0,6.0,,23.0,,,,,2024-07-01
212,13,+2,Bruno Mars - Unorthodox Jukebox,2952,2,(x1),5624,-496,12.965,,,119.0,110.0,,66.0,47.0,44.0,37.0,43.0,42.0,33.0,10.0,43.0,84.0,61.0,21.0,178.0,37.0,75.0,,38.0,48.0,,29.0,,,,29.0,,,,,30.0,2024-07-01
213,14,+137,Billie Eilish - HIT ME HARD AND SOFT,46,1,(x10),5432,3678,0.59,29.0,19.0,,,,,,8.0,6.0,,,,,,,,,,,,,,,,,,,,,,,,,,2024-07-01
214,15,+4,Michael BublÃ© - Christmas,2248,1,(x85),5153,-155,15.368,,,,60.0,,28.0,77.0,59.0,94.0,77.0,87.0,54.0,11.0,48.0,,38.0,32.0,,,115.0,,6.0,39.0,21.0,24.0,,56.0,,19.0,32.0,,34.0,,15.0,2024-07-01
215,16,-6,Johnny Cash - Songwriter,4,4,,5100,-1885,0.037,30.0,1.0,,,,,4.0,,,,,,,,,,,,,,,,,,,,,,,,,,,,2024-07-01
216,17,=,P!nk - Greatest Hits...So Far,3767,7,,5091,-358,12.902,57.0,,,,,60.0,,,,44.0,24.0,26.0,9.0,8.0,37.0,47.0,,,21.0,34.0,,14.0,13.0,12.0,26.0,,44.0,,33.0,45.0,37.0,30.0,,28.0,2024-07-01
217,18,+2,Muse - Drones,1879,1,(x33),4993,-37,8.61,,,144.0,101.0,31.0,77.0,50.0,40.0,123.0,72.0,,,22.0,,,79.0,35.0,,,104.0,,,44.0,,,7.0,,,,,,18.0,21.0,,2024-07-01
218,19,+29,Dua Lipa - Radical Optimism,53,1,(x6),4909,1741,0.392,6.0,46.0,24.0,,,,,,,,,,,,,,,,,,,,,,,,,,,,,,,,2024-07-01
219,20,+2,Depeche Mode - Delta Machine,3701,3,(x4),4764,117,11.314,,,,92.0,26.0,,92.0,69.0,,,51.0,,,,42.0,20.0,,,19.0,128.0,,8.0,14.0,57.0,11.0,21.0,22.0,8.0,,24.0,14.0,6.0,,,2024-07-01
220,21,-10,The Warning - Keep Me Fed,4,2,(x1),4604,-2096,0.04,45.0,9.0,,,,5.0,,,,,,,,,,,,,,,,,,,,2.0,,,,,,,,,2024-07-01
221,22,-4,Michael Jackson - Number Ones,2956,1,(x2),4598,-736,11.105,121.0,,,,32.0,63.0,,,42.0,,99.0,52.0,,,,23.0,,,24.0,,,16.0,19.0,28.0,21.0,17.0,,16.0,28.0,28.0,33.0,21.0,8.0,,2024-07-01
222,23,-2,Whitney Houston - The Ultimate Collection,1933,4,,4587,-434,8.442,170.0,197.0,,84.0,,30.0,75.0,52.0,84.0,73.0,31.0,37.0,,21.0,55.0,39.0,,,,79.0,,33.0,72.0,,42.0,,45.0,,,,,,35.0,47.0,2024-07-01
223,24,NEW,STAYC - Metamorphic,1,24,,4527,4527,0.005,,,13.0,,10.0,,,,,,,,,,,,,6.0,,,,,,,,,,,,,,,,,2024-07-01
224,25,-12,Taylor Swift - THE TORTURED POETS DEPARTMENT: THE ANTHOLOGY,74,1,(x14),4384,-2167,0.818,11.0,17.0,,,,,,,,,,1.0,,,,,,,,,,,,,,,,,,,,,,,2024-07-01
225,26,-1,The xx - xx,1256,14,,4247,-242,5.994,,,137.0,117.0,103.0,53.0,48.0,47.0,81.0,89.0,56.0,30.0,28.0,,,68.0,10.0,,,,,,105.0,,,,,,,,,39.0,,,2024-07-01
226,27,+1,David Guetta - Listen,2161,1,(x7),4207,-12,9.44,,,158.0,128.0,39.0,47.0,65.0,,67.0,,,,21.0,,,78.0,,126.0,45.0,,,30.0,52.0,,38.0,19.0,,15.0,39.0,,,50.0,16.0,,2024-07-01
227,28,+9,Rammstein - RAMMSTEIN,1341,1,(x21),4183,391,5.612,,33.0,,,46.0,44.0,,74.0,,,,,25.0,,,71.0,,,,130.0,,,53.0,,,5.0,,1.0,,34.0,,,,,2024-07-01
228,29,+34,CÃ©line Dion - I AM: CELINE DION,11,5,,4175,1555,0.063,52.0,12.0,,,,2.0,,,,,,,,,,,,,,,,,,,,,,,,,,,,,2024-07-01
229,30,-6,Various Artists - 80s 100 Hits,2331,19,,4174,-321,7.064,,,,,,,74.0,83.0,39.0,,,,17.0,,,11.0,16.0,144.0,12.0,,16.0,5.0,3.0,3.0,5.0,,21.0,,3.0,8.0,24.0,16.0,,3.0,2024-07-01
230,31,-8,Lady Gaga & Bradley Cooper - A Star Is Born Soundtrack,1919,1,(x88),4061,-527,12.045,,,159.0,100.0,,39.0,106.0,46.0,,,,49.0,23.0,,,25.0,23.0,,23.0,,33.0,42.0,31.0,18.0,15.0,,46.0,,,38.0,,,,35.0,2024-07-01
231,32,-3,Arctic Monkeys - AM,3246,1,(x10),3988,-139,11.987,,,,,41.0,,46.0,,,,76.0,20.0,37.0,,,28.0,15.0,123.0,,,10.0,41.0,15.0,14.0,,,37.0,,32.0,,,,,27.0,2024-07-01
232,33,+5,"Nickelback - The Best of Nickelback, Vol. 1",468,7,,3867,129,3.479,39.0,,,,5.0,,,,,,,,,,,,,,,,,,,,,15.0,,28.0,,,34.0,,29.0,,2024-07-01
233,34,+159,Benson Boone - Fireworks & Rollerblades,87,3,(x3),3778,2312,0.442,19.0,128.0,20.0,,,,,,,,,,,,,,,,,,,,,,,,,,36.0,,,,,,2024-07-01
234,35,+58,Kygo - KYGO,11,1,(x2),3616,1398,0.079,155.0,18.0,22.0,,,,,,,,,,,,,,,,,,,,,,,,,,,,,,,,2024-07-01
235,36,+3,Michael Jackson - Michael Jackson's This Is It,978,13,,3584,-120,5.195,,,,85.0,,46.0,52.0,39.0,83.0,,65.0,,18.0,18.0,43.0,,,,,,30.0,,,,,,,,,,,,,,2024-07-01
236,37,-1,One Direction - Midnight Memories,1292,1,(x5),3581,-212,8.157,,,,105.0,,57.0,79.0,94.0,124.0,65.0,32.0,23.0,,19.0,33.0,,,,,57.0,24.0,,60.0,45.0,,,,,5.0,,,,,24.0,2024-07-01
237,38,-11,Pierre Garnier - Chaque seconde,24,19,,3499,-887,0.087,,,2.0,,,,,10.0,,,,,,,,,,,,,,,,,,,,,,,,,,,2024-07-01
238,39,-13,SANTA - RECOMMENCE-MOI,39,21,,3385,-1020,0.141,,,4.0,,,,,11.0,,,,,,,,,,,,,,,,,,,,,,,,,,,2024-07-01
239,40,+6,Sia - 1000 Forms of Fear,1820,1,(x1),3376,60,9.311,,,,,38.0,,102.0,66.0,91.0,,,51.0,,,,35.0,,163.0,36.0,94.0,,,32.0,,32.0,22.0,,13.0,,43.0,,29.0,19.0,42.0,2024-07-01
240,41,+3,Muse - The 2nd Law,794,11,,3373,50,5.234,,,125.0,80.0,87.0,,66.0,45.0,,,,,26.0,53.0,,121.0,25.0,,,39.0,,,57.0,,,,,,,46.0,,13.0,,,2024-07-01
241,42,-11,George Michael - Ladies & Gentlemen: The Best of George Michael,1307,5,,3322,-647,3.975,173.0,,,106.0,,,78.0,,,64.0,94.0,81.0,,,,17.0,42.0,,31.0,,25.0,11.0,18.0,31.0,16.0,,19.0,40.0,47.0,36.0,31.0,23.0,27.0,,2024-07-01
242,43,-9,Bon Jovi - Forever,25,1,(x7),3132,-730,0.252,91.0,25.0,,,,,,7.0,,,,,,,,,,,,,,,,,,,,,,,,,,,2024-07-01
243,44,-4,One Direction - FOUR,855,1,(x12),3091,-481,6.476,,,,96.0,,49.0,,,,76.0,46.0,38.0,,36.0,35.0,,39.0,,,52.0,28.0,,50.0,42.0,,,,,8.0,41.0,,,48.0,32.0,2024-07-01
244,45,+23,Coldplay - Parachutes,106,26,,2971,471,1.362,1.0,,,,,,,,,,,4.0,,,,,,,,,,,,,,,,,,,,,,,2024-07-01
245,46,+53,Taylor Swift - 1989,2395,1,(x17),2900,737,11.322,66.0,,21.0,,,,,,,,,2.0,,,,,,,,,,,,,,,,,,,,,,,2024-07-01
246,47,+3,Birdy - Birdy,987,33,,2861,-173,4.148,,,124.0,,,50.0,45.0,38.0,,46.0,,,19.0,,,86.0,,,,,,,,,,,,,,,,,,,2024-07-01
247,48,+8,ABBA - ABBA Gold: Greatest Hits,1095,1,(x29),2718,-67,8.071,47.0,,,,,3.0,,,,,2.0,,,,,,,,,,,,,,,,,,,,,,,,2024-07-01
248,49,+4,One Direction - Made In the A.M.,961,1,(x6),2694,-151,6.12,,,,86.0,,43.0,116.0,,,,93.0,47.0,,73.0,57.0,,,,,46.0,21.0,,25.0,8.0,,,43.0,,12.0,40.0,45.0,,,44.0,2024-07-01
249,50,+1,Esteriore Brothers - Viva Italia,21,14,,2679,-215,0.065,,28.0,,,,,,3.0,,,,,,,,,,,,,,,,,,,,,,,,,,,2024-07-01
250,51,+36,Linkin Park - LIVING THINGS,815,12,,2517,268,4.695,,198.0,,,120.0,34.0,,43.0,,,,,16.0,,,51.0,,,30.0,97.0,,40.0,69.0,,,,,,,,,,,,2024-07-01
251,52,+18,Various Artists - Radio Italia Summer Hits 2024,4,52,,2500,0,0.01,,,,1.0,,,,,,,,,,,,,,,,,,,,,,,,,,,,,,,2024-07-01
252,53,NEW,Monetochka - ÐÐ¾Ð»Ð¸ÑÐ²Ñ. ÐÐ½ÐµÐºÐ´Ð¾ÑÑ. Ð¢Ð¾ÑÑÑ.,33,43,,2500,2500,0.083,,,,,1.0,,,,,,,,,,,,,,,,,,,,,,,,,,,,,,2024-07-01
253,54,+6,Coldplay - X&Y,247,22,,2463,-241,0.991,12.0,92.0,,,,,,,,,,,,,,,,,,,,,,,,,,,,,,,,,2024-07-01
254,55,+19,Keane - The Best of Keane,42,8,,2451,48,0.399,2.0,,,,,,,,,,,,,,,,,,,,,,,,,,,,,,,,,,2024-07-01
255,56,+13,Beatsteaks - PLEASE,4,44,,2451,-49,0.011,,2.0,,,,,,,,,,,,,,,,,,,,,,,,,,,,,,,,,2024-07-01
256,57,+15,Various Artists - Running Hits,2881,15,,2431,-66,8.604,,,,,,,,,,,,,,14.0,63.0,22.0,,,22.0,63.0,31.0,9.0,21.0,7.0,17.0,,47.0,,22.0,21.0,36.0,8.0,,14.0,2024-07-01
257,58,NEW,Avril Lavigne - Greatest Hits,8,2,(x1),2411,1857,0.036,8.0,131.0,,,,,,,,,,,,,,,,,,,,,,,,,,,,,,,,,2024-07-01
258,59,+3,Shania Twain - Greatest Hits,50,34,,2403,-221,0.247,3.0,,,,,,,,,,,,,,,,,,,,,,,,,,,,,,,,,,2024-07-01
259,60,-18,David Hallyday - Requiem pour un fou,11,22,,2403,-1018,0.042,,,3.0,,,,,,,,,,,,,,,,,,,,,,,,,,,,,,,,2024-07-01
260,61,+22,ANNA - VERA BADDIE,4,61,,2403,92,0.009,,,,3.0,,,,,,,,,,,,,,,,,,,,,,,,,,,,,,,2024-07-01
261,62,+9,Kino - ÐÐµÐ³ÐµÐ½Ð´Ð°,1056,48,,2403,-97,2.512,,,,,3.0,,,,,,,,,,,,,,,,,,,,,,,,,,,,,,2024-07-01
262,63,-9,Michael BublÃ© - To Be Loved,994,1,(x9),2388,-449,6.658,,,,,,71.0,,,77.0,67.0,,57.0,,,,45.0,20.0,,,132.0,,26.0,45.0,20.0,,,52.0,,,35.0,41.0,,42.0,34.0,2024-07-01
263,64,+170,Nockis - gefÃ¼hlsecht,12,44,,2383,1158,0.035,,,,,,1.0,,,,6.0,,,,,,,,,,,,,,,,,,,,,,,,,2024-07-01
264,65,-13,Taylor Swift - Lover,464,1,(x7),2360,-532,1.975,24.0,69.0,,,,,,,,,,,,,,,,,,,,,,,,,,,,,,,9.0,,2024-07-01
265,66,-21,Various Artists - The Dome Summer 2024,25,30,,2357,-961,0.069,,4.0,,,,,,,,,,,,,,,,,,,,,,,,,,,,,,,,,2024-07-01
266,67,+8,Max Pezzali & 883 - Tutto Max,805,56,,2357,-46,3.57,,,,4.0,,,,,,,,,,,,,,,,,,,,,,,,,,,,,,,2024-07-01
267,68,-27,Rammstein - Mutter,292,21,,2357,-1090,1.615,,,,,4.0,,,,,,,,,,,,,,,,,,,,,,,,,,,,,,2024-07-01
268,69,+21,Various Artists - Now That's What I Call a Summer Party,64,64,,2311,89,0.41,5.0,,,,,,,,,,,,,,,,,,,,,,,,,,,,,,,,,,2024-07-01
269,70,+35,Various Artists - Fetenhits 80's Maxi Classics,30,70,,2311,215,0.12,,5.0,,,,,,,,,,,,,,,,,,,,,,,,,,,,,,,,,2024-07-01
270,71,+32,Rohff - Fitna,11,34,,2311,174,0.031,,,5.0,,,,,,,,,,,,,,,,,,,,,,,,,,,,,,,,2024-07-01
271,72,+7,Various Artists - Battiti Live 2024,11,59,,2311,-46,0.027,,,,5.0,,,,,,,,,,,,,,,,,,,,,,,,,,,,,,,2024-07-01
272,73,+8,Various Artists - Fussball Sommerparty 2024,31,63,,2266,-45,0.066,,6.0,,,,,,,,,,,,,,,,,,,,,,,,,,,,,,,,,2024-07-01
273,74,NEW,Shaka Ponk - Shaka Ponk,179,20,,2266,2266,0.418,,,6.0,,,,,,,,,,,,,,,,,,,,,,,,,,,,,,,,2024-07-01
274,75,+10,Ultimo - ALTROVE,46,18,,2266,0,0.127,,,,6.0,,,,,,,,,,,,,,,,,,,,,,,,,,,,,,,2024-07-01
275,76,NEW,Stray Kids - ROCK-STAR,27,1,(x2),2266,2266,0.135,,,,,6.0,,,,,,,,,,,,,,,,,,,,,,,,,,,,,,2024-07-01
276,77,-13,Pink Floyd - The Endless River,997,1,(x10),2242,-367,6.405,,,,77.0,,,,,,,,,27.0,60.0,,52.0,29.0,170.0,,,,,24.0,47.0,,26.0,25.0,,,,65.0,41.0,22.0,18.0,2024-07-01
277,78,-1,Various Artists - Christmas Album,673,4,,2231,-144,3.113,,,,127.0,,,88.0,,,,,,15.0,,,54.0,40.0,,32.0,,37.0,12.0,56.0,51.0,23.0,,,,21.0,,,,,16.0,2024-07-01
278,79,-44,Coldplay - A Rush of Blood to the Head,102,19,,2222,-1621,1.639,7.0,,,,,,,,,,,,,,,,,,,,,,,,,,,,,,,,,,2024-07-01
279,80,+15,Bernhard Brink - StÃ¤rker als die Ewigkeit,11,80,,2222,43,0.024,,7.0,,,,,,,,,,,,,,,,,,,,,,,,,,,,,,,,,2024-07-01
280,81,+15,Various Artists - NRJ Summer Hits Only 2024,11,61,,2222,43,0.024,,,7.0,,,,,,,,,,,,,,,,,,,,,,,,,,,,,,,,2024-07-01
281,82,+10,Tommaso Paradiso - Tommaso Paradiso in Concerto,4,82,,2222,0,0.009,,,,7.0,,,,,,,,,,,,,,,,,,,,,,,,,,,,,,,2024-07-01
282,83,+61,ANNA ASTI - Ð¦Ð°ÑÐ¸ÑÐ°,98,49,,2222,429,0.221,,,,,7.0,,,,,,,,,,,,,,,,,,,,,,,,,,,,,,2024-07-01
283,84,+26,Skrillex - Bangarang,424,50,,2203,137,2.361,,,,,48.0,48.0,,77.0,,,,,31.0,,,,,171.0,,,,,51.0,,,,,,,,,,,,2024-07-01
284,85,NEW,Elvis Presley - Elv1s: 30 #1 Hits,989,10,,2181,1187,3.396,,,,,,52.0,,4.0,,,,,,,,,,,,,,,20.0,16.0,,,,,30.0,,63.0,46.0,,39.0,2024-07-01
285,86,+16,K.I.Z - GÃ¶rlitzer Park,11,25,,2179,42,0.031,,8.0,,,,,,,,,,,,,,,,,,,,,,,,,,,,,,,,,2024-07-01
286,87,NEW,Jul - Mise Ã jour,18,33,,2179,1133,0.046,,,8.0,,,,,,,,,,,,,,,,,,,,,,,,,,,,,,,,2024-07-01
287,88,+46,Various Artists - 80's - The Platinum Collection,205,62,,2179,314,0.604,,,,8.0,,,,,,,,,,,,,,,,,,,,,,,,,,,,,,,2024-07-01
288,89,NEW,RADIO TAPOK - ÐÐ°ÑÐ»ÐµÐ´Ð¸Ðµ,59,63,,2179,2139,0.115,,,,,8.0,,,,,,,,,,,,,,,,,,,,,,,,,,,,,,2024-07-01
289,90,-12,Teddy Swims - I've Tried Everything But Therapy,243,2,(x6),2167,-191,1.475,17.0,108.0,,,,,,,,,,,,,,,,,,,,,,,,,,,,,,,,,2024-07-01
290,91,+18,"Depeche Mode - The Best of Depeche Mode, Vol. 1",3604,8,,2157,81,12.802,182.0,,,,92.0,,,,,,,,,,,19.0,,,20.0,,29.0,13.0,11.0,,,24.0,34.0,11.0,,27.0,10.0,10.0,,,2024-07-01
291,92,-4,CÃ©line Dion - My Love - Essential Collection,47,36,,2155,-80,0.815,31.0,66.0,,,,,,,,,,,,,,,,,,,,,,,,,,,,,,,44.0,,2024-07-01
292,93,+18,Dua Lipa - Future Nostalgia,375,1,(x10),2137,82,2.106,9.0,,,,,,,,,,,,,,,,,,,,,,,,,,,,,,,,,,2024-07-01
293,94,-3,"Karen Cheryl - 4 Hits, Vol.2 - EP",4,82,,2137,-85,0.009,,,9.0,,,,,,,,,,,,,,,,,,,,,,,,,,,,,,,,2024-07-01
294,95,+44,Vasco Rossi - VASCONONSTOP,978,37,,2137,308,3.269,,,,9.0,,,,,,,,,,,,,,,,,,,,,,,,,,,,,,,2024-07-01
295,96,NEW,Laskovy May - ÐÐ°Ð¼ÑÑÐ¸ Ð®ÑÑ Ð¨Ð°ÑÑÐ½Ð¾Ð²Ð°,47,64,,2137,2137,0.096,,,,,9.0,,,,,,,,,,,,,,,,,,,,,,,,,,,,,,2024-07-01
296,97,-50,"Shaboozey - Where I've Been, Isn't Where I'm Going",32,5,,2128,-1123,0.103,16.0,123.0,,,,,,,,,,,,,,,,,,,,,,,,,,,,,,,,,2024-07-01
297,98,-40,Coldplay - Live 2012,80,14,,2096,-677,1.518,10.0,,,,,,,,,,,,,,,,,,,,,,,,,,,,,,,,,,2024-07-01
298,99,+48,K.I.Z - Und der Anschlag auf die U8,11,43,,2096,337,0.026,,10.0,,,,,,,,,,,,,,,,,,,,,,,,,,,,,,,,,2024-07-01
299,100,-57,Zaho de Sagazan - La symphonie des Ã©clairs,336,16,,2096,-1296,0.895,,,10.0,,,,,,,,,,,,,,,,,,,,,,,,,,,,,,,,2024-07-01
300,101,NEW,"Various Artists - Insomnia Selection, Vol. 1",14,83,,2096,2096,0.041,,,,10.0,,,,,,,,,,,,,,,,,,,,,,,,,,,,,,,2024-07-01
301,102,-13,Verschiedene Interpret:innen - The Very Best of Jazz: 50 Unforgettable Tracks,26,14,,2091,-134,0.079,,,,,25.0,,,,,,,,,,,,,120.0,40.0,,,,43.0,,25.0,,,,9.0,,,,,,2024-07-01
302,103,+16,"Various Artists - Fetenhits 80s Maxi Classics, Vol. 2",11,82,,2055,78,0.025,,11.0,,,,,,,,,,,,,,,,,,,,,,,,,,,,,,,,,2024-07-01
303,104,-22,Thibault Cauvin & M - L'heure miroir,18,24,,2055,-256,0.057,,,11.0,,,,,,,,,,,,,,,,,,,,,,,,,,,,,,,,2024-07-01
304,105,+61,Geolier - DIO LO SA,25,25,,2055,428,0.064,,,,11.0,,,,,,,,,,,,,,,,,,,,,,,,,,,,,,,2024-07-01
305,106,NEW,Artizann - Uma - EP,1,106,,2055,2055,0.002,,,,,11.0,,,,,,,,,,,,,,,,,,,,,,,,,,,,,,2024-07-01
306,107,+113,Wilco - Hot Sun Cool Shroud - EP,3,7,,2032,723,0.016,,54.0,,,,,6.0,,,,,,,,,,,,,,,,,,,,,,,,,,,,2024-07-01
307,108,+30,Mourad - PrÃ©mices,2,108,,2016,187,0.011,,,12.0,,,,,,,,,,,,,,,,,,,,,,,,,,,,,,,,2024-07-01
308,109,NEW,Gigi D'Alessio - Fra,20,32,,2016,2016,0.05,,,,12.0,,,,,,,,,,,,,,,,,,,,,,,,,,,,,,,2024-07-01
309,110,NEW,Nasz - Salvation EP,1,110,,2016,2016,0.002,,,,,12.0,,,,,,,,,,,,,,,,,,,,,,,,,,,,,,2024-07-01
310,111,-52,Mikhail Krug - 50 Greatest Hits,825,45,,1983,-764,3.173,,,,,21.0,,,,,,,,,,,,,,,,,,,,,16.0,,46.0,,,,,25.0,,2024-07-01
311,112,-11,Keane - Hopes and Fears,14,101,,1977,-160,0.515,13.0,,,,,,,,,,,,,,,,,,,,,,,,,,,,,,,,,,2024-07-01
312,113,-52,Die drei ??? - Folge 227: Melodie der Rache,44,27,,1977,-681,0.135,,13.0,,,,,,,,,,,,,,,,,,,,,,,,,,,,,,,,,2024-07-01
313,114,NEW,Sud Sound System - INTELLIGENZA NATURALE,1,114,,1977,1977,0.002,,,,13.0,,,,,,,,,,,,,,,,,,,,,,,,,,,,,,,2024-07-01
314,115,NEW,Paula Cole - Lo,1,115,,1977,1977,0.002,,,,,13.0,,,,,,,,,,,,,,,,,,,,,,,,,,,,,,2024-07-01
315,116,+25,Macklemore & Ryan Lewis - The Heist,686,6,,1975,156,4.632,,,152.0,,,38.0,115.0,48.0,,,,48.0,33.0,,,104.0,,,,,,,,,,,,,,,,,,,2024-07-01
316,117,-9,Coldplay - Music of the Spheres,322,1,(x11),1970,-123,1.803,15.0,,,,,,,,,,,,,,,,,,,,,,,,,,,,20.0,,,,,,2024-07-01
317,118,-34,Various Artists - Ballermann Hits 2024,45,31,,1939,-327,0.108,,14.0,,,,,,,,,,,,,,,,,,,,,,,,,,,,,,,,,2024-07-01
318,119,NEW,Manu Chao - Clandestino,63,55,,1939,1939,0.671,,,14.0,,,,,,,,,,,,,,,,,,,,,,,,,,,,,,,,2024-07-01
319,120,NEW,Manes - Slow Motion Death Sequence Remixed,1,120,,1939,1939,0.002,,,,14.0,,,,,,,,,,,,,,,,,,,,,,,,,,,,,,,2024-07-01
320,121,NEW,Stereons - Royal Trakks,1,121,,1939,1939,0.002,,,,,14.0,,,,,,,,,,,,,,,,,,,,,,,,,,,,,,2024-07-01
321,122,-24,Madonna - Celebration,849,11,,1935,-232,4.296,,,,76.0,,,,,73.0,,,,,37.0,66.0,63.0,,,,89.0,22.0,45.0,98.0,,39.0,,,,,,,,,,2024-07-01
322,123,+87,Herbert Groenemeyer - 4630 Bochum,22,37,,1901,560,0.059,,15.0,,,,,,,,,,,,,,,,,,,,,,,,,,,,,,,,,2024-07-01
323,124,-67,Soprano - Freedom,11,27,,1901,-874,0.033,,,15.0,,,,,,,,,,,,,,,,,,,,,,,,,,,,,,,,2024-07-01
324,125,NEW,Germo67 - NATURALE,1,125,,1901,1901,0.002,,,,15.0,,,,,,,,,,,,,,,,,,,,,,,,,,,,,,,2024-07-01
325,126,NEW,O. - Slice - EP,1,126,,1901,1901,0.002,,,,,15.0,,,,,,,,,,,,,,,,,,,,,,,,,,,,,,2024-07-01
326,127,+1,Various Artists - Fetenhits - Neue Deutsche Welle - Best Of,76,107,,1865,-36,0.596,,16.0,,,,,,,,,,,,,,,,,,,,,,,,,,,,,,,,,2024-07-01
327,128,NEW,Shaka Ponk - Apelogies,47,34,,1865,1865,0.171,,,16.0,,,,,,,,,,,,,,,,,,,,,,,,,,,,,,,,2024-07-01
328,129,NEW,Amaury JÃºnior - A Hora do Piseiro,1,129,,1865,1865,0.002,,,,16.0,,,,,,,,,,,,,,,,,,,,,,,,,,,,,,,2024-07-01
329,130,NEW,Man Overboard - Heart Attack,1,130,,1865,1865,0.002,,,,,16.0,,,,,,,,,,,,,,,,,,,,,,,,,,,,,,2024-07-01
330,131,NEW,Simon & Garfunkel - Greatest Hits,328,5,,1829,1685,1.254,,,17.0,,,,,,,,,,,,,,,,,,,,,,,,,,,,,,,,2024-07-01
331,132,NEW,Donna McKevitt - The Swimming Diaries,1,132,,1829,1829,0.002,,,,17.0,,,,,,,,,,,,,,,,,,,,,,,,,,,,,,,2024-07-01
332,133,NEW,Collapse of Colour - For All the Days Decayed - EP,1,133,,1829,1829,0.002,,,,,17.0,,,,,,,,,,,,,,,,,,,,,,,,,,,,,,2024-07-01
333,134,+16,Luke Combs - Fathers & Sons,18,11,,1793,37,0.062,18.0,,,,,,,,,,,,,,,,,,,,,,,,,,,,,,,,,,2024-07-01
334,135,NEW,Various Artists - Musette forever : 100 tubes pour danser musette,1,135,,1793,1793,0.002,,,18.0,,,,,,,,,,,,,,,,,,,,,,,,,,,,,,,,2024-07-01
335,136,NEW,Redd Kross - Redd Kross,1,136,,1793,1793,0.002,,,,18.0,,,,,,,,,,,,,,,,,,,,,,,,,,,,,,,2024-07-01
336,137,NEW,AzÃºcares - Chamba,1,137,,1793,1793,0.002,,,,,18.0,,,,,,,,,,,,,,,,,,,,,,,,,,,,,,2024-07-01
337,138,+20,LINKIN PARK - The Hunting Party,442,2,(x4),1791,113,3.22,,,,,47.0,82.0,,93.0,,,,,,,,100.0,,,,,,,,,,34.0,,20.0,,,,,,,2024-07-01
338,139,+21,MÃ¥neskin - RUSH,336,1,(x13),1759,100,1.472,,,19.0,,,,,,,,,,,,,,,,,,,,,,,,,,,,,,,,2024-07-01
339,140,NEW,The Bird Calls - Old Faithful,1,140,,1759,1759,0.002,,,,19.0,,,,,,,,,,,,,,,,,,,,,,,,,,,,,,,2024-07-01
340,141,NEW,AFI - Shut Your Mouth and Open Your Eyes,1,141,,1759,1759,0.002,,,,,19.0,,,,,,,,,,,,,,,,,,,,,,,,,,,,,,2024-07-01
341,142,+10,Various Artists - NOW That's What I Call Music 117,88,48,,1725,0,0.208,20.0,,,,,,,,,,,,,,,,,,,,,,,,,,,,,,,,,,2024-07-01
342,143,+28,Yves Murasca & Rosario Galati - DÃ©epalma Ibiza 2024,14,23,,1725,129,0.044,,20.0,,,,,,,,,,,,,,,,,,,,,,,,,,,,,,,,,2024-07-01
343,144,NEW,The Stems - Heads Up,1,144,,1725,1725,0.002,,,,20.0,,,,,,,,,,,,,,,,,,,,,,,,,,,,,,,2024-07-01
344,145,NEW,Arnett Cobb - Cobb and His Mob In Concert Featuring Dinah Washington,1,145,,1725,1725,0.002,,,,,20.0,,,,,,,,,,,,,,,,,,,,,,,,,,,,,,2024-07-01
345,146,-28,ADELE - 19,431,7,,1715,-278,3.028,,,151.0,,,,100.0,78.0,89.0,41.0,,,,78.0,87.0,,,,,102.0,,,,,,,,,,,,,,,2024-07-01
346,147,+21,Various Artists - Intouchables,205,36,,1709,86,2.729,,,160.0,,,,,62.0,,57.0,,,,,,30.0,,,43.0,,,39.0,,,27.0,,,,,47.0,,49.0,,,2024-07-01
347,148,+17,Dua Lipa - Dua Lipa,376,4,,1696,54,1.882,23.0,,,,,,,,,,,,,,,,,,,,,,,,,,,,,,20.0,,,,2024-07-01
348,149,-22,The Last Dinner Party - Prelude to Ecstasy,42,1,(x2),1692,-209,0.204,21.0,,,,,,,,,,,,,,,,,,,,,,,,,,,,,,,,,,2024-07-01
349,150,NEW,Anastacia - Our Songs,71,2,(x3),1692,1692,0.268,,21.0,,,,,,,,,,,,,,,,,,,,,,,,,,,,,,,,,2024-07-01
350,151,NEW,Broadcast - Spell Blanket - Collected Demos 2006 - 2009,1,151,,1692,1692,0.002,,,,21.0,,,,,,,,,,,,,,,,,,,,,,,,,,,,,,,2024-07-01
351,152,-7,The xx - Coexist,527,36,,1673,-92,3.809,,,,,,,57.0,64.0,,,,66.0,,,,59.0,14.0,,,,,,92.0,,,,,,,44.0,58.0,27.0,,,2024-07-01
352,153,+48,Various Artists - 80s - 50 Hits by uDiscover,169,48,,1659,265,0.631,,22.0,,,,,,,,,,,,,,,,,,,,,,,,,,,,,,,,,2024-07-01
353,154,NEW,Beings - There Is a Garden,1,154,,1659,1659,0.002,,,,22.0,,,,,,,,,,,,,,,,,,,,,,,,,,,,,,,2024-07-01
354,155,-122,Pink Floyd - The Dark Side of the Moon,1436,2,(x3),1657,-2251,6.036,101.0,,,83.0,67.0,,,,,,,,,,,,,,,,,,,,,,,,,,,,41.0,,2024-07-01
355,156,NEW,The Beach Boys - The Very Best of the Beach Boys: Sounds of Summer,60,14,,1627,1530,0.275,,23.0,,,,,,,,,,,,,,,,,,,,,,,,,,,,,,,,,2024-07-01
356,157,-51,JÃ©rÃ´me Rebotier - Le Comte de Monte Cristo,3,106,,1627,-469,0.006,,,23.0,,,,,,,,,,,,,,,,,,,,,,,,,,,,,,,,2024-07-01
357,158,NEW,Jazz Space - Cozy Lounge,1,158,,1627,1627,0.002,,,,23.0,,,,,,,,,,,,,,,,,,,,,,,,,,,,,,,2024-07-01
358,159,+84,Mark Knopfler - One Deep River,56,1,(x7),1607,410,0.476,,95.0,,,,,,6.0,,,,,,,,,,,,,,,,,,,,,,,,36.0,,,2024-07-01
359,160,-37,Roland Kaiser - Alles Kaiser,95,24,,1596,-355,0.577,,24.0,,,,,,,,,,,,,,,,,,,,,,,,,,,,,,,,,2024-07-01
360,161,NEW,"Been Stellar - Scream from New York, NY",2,134,,1596,1596,0.004,,,,24.0,,,,,,,,,,,,,,,,,,,,,,,,,,,,,,,2024-07-01
361,162,+27,Various Artists - NOW - Yearbook 1993,4,70,,1566,89,0.008,25.0,,,,,,,,,,,,,,,,,,,,,,,,,,,,,,,,,,2024-07-01
362,163,NEW,Madeleine Peyroux - Let's Walk,3,28,,1566,488,0.01,,,25.0,,,,,,,,,,,,,,,,,,,,,,,,,,,,,,,,2024-07-01
363,164,NEW,Mary Lattimore & Walt McClements - Rain on the Road,1,164,,1566,1566,0.002,,,,25.0,,,,,,,,,,,,,,,,,,,,,,,,,,,,,,,2024-07-01
364,165,-34,AC/DC - Iron Man 2,334,29,,1560,-321,2.668,,,,,37.0,,,,,,,,,,,75.0,,,,,,,55.0,,,44.0,,,,,,,,,2024-07-01
365,166,+13,Jungle - Volcano,42,2,(x2),1536,0,0.201,26.0,,,,,,,,,,,,,,,,,,,,,,,,,,,,,,,,,,2024-07-01
366,167,NEW,Slash - Orgy of the Damned,37,1,(x1),1536,465,0.263,,26.0,,,,,,,,,,,,,,,,,,,,,,,,,,,,,,,,,2024-07-01
367,168,NEW,L'ImpÃ©ratrice - Pulsar,15,19,,1536,1536,0.04,,,26.0,,,,,,,,,,,,,,,,,,,,,,,,,,,,,,,,2024-07-01
368,169,NEW,World Worship - Das Vida,1,169,,1536,1536,0.002,,,,26.0,,,,,,,,,,,,,,,,,,,,,,,,,,,,,,,2024-07-01
369,170,+27,"Billie Eilish - WHEN WE ALL FALL ASLEEP, WHERE DO WE GO",1041,1,(x59),1530,104,8.506,,,86.0,,97.0,88.0,,,,,,,,,,64.0,,,,,,,89.0,,,33.0,,33.0,,,,,,,2024-07-01
370,171,-7,AC/DC - Back In Black,507,5,,1516,-131,3.39,,,,99.0,111.0,,,80.0,,,,,,,,72.0,,,,,,,28.0,,34.0,41.0,,,,,,,,,2024-07-01
371,172,-35,Coldplay - Mylo Xyloto,3042,5,,1506,-323,14.826,27.0,,,,,,,,,,,,,,,,,,,,,,,,,,,,,,,,,,2024-07-01
372,173,-20,Joe Bonamassa - Live At The Hollywood Bowl With Orchestra,10,6,,1506,-219,0.037,,27.0,,,,,,,,,,,,,,,,,,,,,,,,,,,,,,,,,2024-07-01
373,174,-41,Petit Biscuit - Discipline,3,108,,1506,-359,0.006,,,27.0,,,,,,,,,,,,,,,,,,,,,,,,,,,,,,,,2024-07-01
374,175,NEW,Brad Marino - Grin and Bear It,1,175,,1506,1506,0.002,,,,27.0,,,,,,,,,,,,,,,,,,,,,,,,,,,,,,,2024-07-01
375,176,+36,"Basta - ÐÐ°ÑÑÐ° 5, Ð§Ð°ÑÑÑ 1",116,76,,1506,165,1.313,,,,,27.0,,,,,,,,,,,,,,,,,,,,,,,,,,,,,,2024-07-01
376,177,-31,Olivia Dean - Messy,37,16,,1477,-282,0.132,28.0,,,,,,,,,,,,,,,,,,,,,,,,,,,,,,,,,,2024-07-01
377,178,NEW,Benab - Drapeau Noir,1,178,,1477,1477,0.003,,,28.0,,,,,,,,,,,,,,,,,,,,,,,,,,,,,,,,2024-07-01
378,179,NEW,90 Special - Le Canzoni Dell'Estate EP,1,179,,1477,1477,0.001,,,,28.0,,,,,,,,,,,,,,,,,,,,,,,,,,,,,,,2024-07-01
379,180,+38,Various Artists - ÐÐ»Ð°ÑÑÐ¸ÑÐµÑÐºÐ°Ñ Ð¼ÑÐ·ÑÐºÐ° - Ð»ÑÑÑÐµÐµ ÐºÐ¾Ð³Ð´Ð°-Ð»Ð¸Ð±Ð¾,361,58,,1477,161,1.72,,,,,28.0,,,,,,,,,,,,,,,,,,,,,,,,,,,,,,2024-07-01
380,181,+38,Mumiy Troll - The Best,263,61,,1469,154,1.771,,,,,30.0,,,,,,,,,,,,,,,,,,,,,,,,,,,,39.0,,2024-07-01
381,182,-23,Prince - Ultimate,313,2,(x3),1455,-214,2.292,,,,,,,69.0,,,56.0,52.0,45.0,,,46.0,103.0,,,,,,,,,,,,,,,,,,,2024-07-01
382,183,-59,Gianna Nannini - Sei nel l'anima,58,10,,1449,-490,0.194,,29.0,,,,,,,,,,,,,,,,,,,,,,,,,,,,,,,,,2024-07-01
383,184,NEW,LÃ©man - On est plein - EP,4,94,,1449,1449,0.011,,,29.0,,,,,,,,,,,,,,,,,,,,,,,,,,,,,,,,2024-07-01
384,185,NEW,"Ð´ÐµÑÑÐºÐ¸Ðµ Ð¿ÐµÑÐ½Ð¸, ÐÐµÑÐ½Ð¸ Ð´Ð»Ñ Ð´ÐµÑÐµÐ¹, ÐÐµÑÐ½Ð¸ Ð´Ð»Ñ Ð¼Ð°Ð»ÑÑÐµÐ¹ & ÐÐµÑÑÐºÐ¸Ðµ Ð¿ÐµÑÐµÐ½ÐºÐ¸ Ð´Ð»Ñ ÑÐ°Ð¼ÑÑ Ð¼Ð°Ð»ÐµÐ½ÑÐºÐ¸Ñ - ÐÐµÑÑÐºÐ¸Ðµ Ð¿ÐµÑÐ½Ð¸",1,185,,1449,1449,0.001,,,,29.0,,,,,,,,,,,,,,,,,,,,,,,,,,,,,,,2024-07-01
385,186,+1,Various Artists - Drive,186,60,,1440,-53,2.453,,,,,,,95.0,79.0,,,34.0,35.0,,,,32.0,,,,,27.0,,,,,,,,,,,,,,2024-07-01
386,187,-45,Tors - Anything Can Happen - EP,4,142,,1421,-372,0.006,,30.0,,,,,,,,,,,,,,,,,,,,,,,,,,,,,,,,,2024-07-01
387,188,NEW,Gold - Le Best Of,5,153,,1421,1421,0.13,,,30.0,,,,,,,,,,,,,,,,,,,,,,,,,,,,,,,,2024-07-01
388,189,NEW,Brad Marino - Basement Beat,1,189,,1421,1421,0.001,,,,30.0,,,,,,,,,,,,,,,,,,,,,,,,,,,,,,,2024-07-01
389,190,+23,ÐÐ¾Ñ - ÐÐ°Ð¸Ð·Ð½Ð°Ð½ÐºÑ,75,78,,1416,97,0.875,,,,,34.0,,,,,,,,,,,,,,,,,,,,,,,,,,,42.0,32.0,,2024-07-01
390,191,NEW,Gossip - Music for Men,51,92,,1415,319,1.048,,,164.0,,,45.0,,50.0,,,,,36.0,,,,,,,,,,,,,,,,,,,,,,2024-07-01
391,192,+44,3LEVEN - 46 - EP,1,192,,1405,180,0.005,,148.0,,,,,,2.0,,,,,,,,,,,,,,,,,,,,,,,,,,,2024-07-01
392,193,-10,Die drei ??? - Folge 226: Die Spur der Toten,62,29,,1394,-112,0.182,,31.0,,,,,,,,,,,,,,,,,,,,,,,,,,,,,,,,,2024-07-01
393,194,NEW,"CRB - Toxic, Vol. 2 - EP",1,194,,1394,1394,0.001,,,31.0,,,,,,,,,,,,,,,,,,,,,,,,,,,,,,,,2024-07-01
394,195,NEW,Carlo VirzÃ¬ - La regola d'oro,1,195,,1394,1394,0.001,,,,31.0,,,,,,,,,,,,,,,,,,,,,,,,,,,,,,,2024-07-01
395,196,NEW,The Beatles - 1,2162,4,,1384,1145,8.476,137.0,40.0,,,,,,,,,,,,,,,,,,,,,,,,,,,,,,,,,2024-07-01
396,197,NEW,Taylor Swift - Fearless,50,1,(x4),1380,1380,0.48,89.0,,92.0,,,,,,,,,5.0,,,,,,,,,,,,,,,,,,,,,,,2024-07-01
397,198,-28,The Beautiful South & The Housemartins - Soup,4,104,,1367,-229,0.098,32.0,,,,,,,,,,,,,,,,,,,,,,,,,,,,,,,,,,2024-07-01
398,199,NEW,Nils Landgren Funk Unit - Raw,2,192,,1367,398,0.004,,32.0,,,,,,,,,,,,,,,,,,,,,,,,,,,,,,,,,2024-07-01
399,200,NEW,Herbert von Karajan & Berlin Philharmonic - Mahler: Das Lied von der Erde - Wagner: Tristan und Isolde,1,200,,1367,1367,0.001,,,32.0,,,,,,,,,,,,,,,,,,,,,,,,,,,,,,,,2024-07-01
400,1,=,Imagine Dragons - LOOM,5,1,(x5),15782,-1454,0.092,2.0,4.0,1.0,3.0,,1.0,,1.0,1.0,2.0,,,,,,,,,37.0,,4.0,,40.0,48.0,21.0,,61.0,,19.0,53.0,20.0,35.0,8.0,,2024-07-02
401,2,=,Coldplay - Ghost Stories,3775,1,(x98),14030,812,28.117,20.0,171.0,123.0,37.0,6.0,25.0,21.0,43.0,40.0,33.0,15.0,24.0,9.0,25.0,31.0,8.0,10.0,57.0,6.0,38.0,24.0,21.0,10.0,9.0,7.0,6.0,34.0,9.0,8.0,11.0,7.0,3.0,12.0,5.0,2024-07-02
402,3,=,Adele - 25,3176,1,(x261),12101,-86,31.741,,163.0,121.0,36.0,30.0,16.0,18.0,40.0,38.0,31.0,7.0,11.0,7.0,18.0,15.0,3.0,,49.0,3.0,12.0,15.0,6.0,2.0,2.0,4.0,4.0,14.0,3.0,5.0,6.0,6.0,4.0,4.0,2.0,2024-07-02
403,4,+2,ADELE - 21,4101,1,(x10),11740,1479,32.255,,,,33.0,4.0,,17.0,39.0,37.0,30.0,6.0,,6.0,17.0,16.0,4.0,9.0,53.0,4.0,11.0,11.0,5.0,3.0,4.0,5.0,8.0,15.0,25.0,3.0,7.0,5.0,2.0,35.0,1.0,2024-07-02
404,5,-1,Coldplay - A Head Full of Dreams,3162,1,(x10),11304,255,22.741,22.0,177.0,138.0,35.0,72.0,30.0,24.0,45.0,42.0,37.0,26.0,42.0,10.0,43.0,51.0,19.0,13.0,69.0,11.0,62.0,,24.0,7.0,11.0,8.0,10.0,33.0,18.0,17.0,17.0,11.0,12.0,10.0,7.0,2024-07-02
405,6,-1,Daft Punk - Random Access Memories,4103,1,(x131),10584,-13,31.917,,168.0,106.0,,31.0,21.0,19.0,41.0,46.0,35.0,13.0,19.0,8.0,30.0,23.0,6.0,12.0,51.0,7.0,28.0,14.0,7.0,5.0,5.0,6.0,3.0,30.0,2.0,15.0,10.0,8.0,5.0,5.0,6.0,2024-07-02
406,7,+2,Ed Sheeran - Ã·,2679,1,(x74),7750,386,20.164,,167.0,143.0,50.0,104.0,19.0,22.0,42.0,77.0,40.0,47.0,15.0,11.0,,,15.0,29.0,,13.0,,,36.0,17.0,10.0,11.0,,41.0,,16.0,29.0,54.0,42.0,,10.0,2024-07-02
407,8,-1,London Philharmonic Orchestra & David Parry - The 50 Greatest Pieces of Classical Music,2996,2,(x4),7675,-779,14.857,184.0,169.0,,49.0,5.0,20.0,53.0,48.0,,38.0,,61.0,23.0,,42.0,88.0,,59.0,32.0,35.0,,,31.0,,,23.0,55.0,,,,,,14.0,43.0,2024-07-02
408,9,-1,BeyoncÃ© - BEYONCÃ,3851,1,(x58),7542,2,20.417,,,128.0,,45.0,,36.0,69.0,70.0,34.0,17.0,22.0,,28.0,18.0,9.0,19.0,78.0,26.0,41.0,26.0,38.0,8.0,13.0,10.0,13.0,18.0,4.0,10.0,14.0,12.0,7.0,13.0,13.0,2024-07-02
409,10,=,P!nk - The Truth About Love,3519,1,(x2),6451,-84,13.876,,170.0,140.0,98.0,90.0,23.0,62.0,47.0,65.0,53.0,71.0,40.0,15.0,39.0,67.0,53.0,,,12.0,45.0,,20.0,13.0,20.0,28.0,,,39.0,44.0,25.0,22.0,17.0,44.0,20.0,2024-07-02
410,11,=,Ed Sheeran - x,3734,1,(x27),6286,155,21.292,,,129.0,69.0,,22.0,99.0,46.0,,51.0,18.0,12.0,16.0,54.0,64.0,18.0,14.0,,25.0,66.0,,,24.0,25.0,16.0,,36.0,,18.0,19.0,30.0,20.0,,11.0,2024-07-02
411,12,+1,Bruno Mars - Unorthodox Jukebox,2953,2,(x1),5785,161,12.971,,,119.0,95.0,,65.0,27.0,56.0,48.0,41.0,32.0,33.0,13.0,58.0,86.0,55.0,22.0,111.0,34.0,75.0,,41.0,50.0,,27.0,,,,29.0,,,,,27.0,2024-07-02
412,13,+1,Billie Eilish - HIT ME HARD AND SOFT,47,1,(x10),5752,320,0.596,36.0,11.0,,8.0,,,,,,,,,,,,,,,,,1.0,,,,,,,,,,,,,,2024-07-02
413,14,-2,AC/DC - Rock or Bust,3117,1,(x24),5556,-140,11.123,,176.0,,104.0,52.0,34.0,86.0,50.0,104.0,,58.0,,17.0,46.0,26.0,27.0,,,28.0,48.0,,31.0,36.0,30.0,34.0,9.0,29.0,7.0,,23.0,,,,,2024-07-02
414,15,+4,Dua Lipa - Radical Optimism,54,1,(x6),5498,589,0.397,6.0,27.0,20.0,,,,,,,,,,,,,,,,,,,,,,,,,,,,,,,,2024-07-02
415,16,-1,Michael BublÃ© - Christmas,2249,1,(x85),5321,168,15.373,,182.0,,56.0,,26.0,58.0,71.0,105.0,75.0,78.0,54.0,14.0,63.0,,32.0,33.0,,,115.0,,9.0,41.0,22.0,22.0,,60.0,,21.0,36.0,,34.0,,15.0,2024-07-02
416,17,+1,Muse - Drones,1880,1,(x33),5077,84,8.615,,,144.0,87.0,37.0,76.0,30.0,52.0,134.0,70.0,,,25.0,,,73.0,36.0,143.0,,105.0,,,44.0,,,7.0,,,,,,18.0,22.0,,2024-07-02
417,18,-1,P!nk - Greatest Hits...So Far,3768,7,,5048,-43,12.907,58.0,,,,,58.0,,,,42.0,14.0,26.0,12.0,23.0,39.0,42.0,,,18.0,34.0,,18.0,14.0,12.0,24.0,,50.0,,33.0,50.0,34.0,33.0,,26.0,2024-07-02
418,19,+1,Depeche Mode - Delta Machine,3702,3,(x4),4935,171,11.319,,193.0,,78.0,33.0,,73.0,81.0,,,41.0,,,,44.0,14.0,,154.0,17.0,128.0,,11.0,15.0,57.0,9.0,21.0,21.0,8.0,,24.0,13.0,6.0,,,2024-07-02
419,20,+2,Michael Jackson - Number Ones,2957,1,(x2),4857,259,11.11,77.0,180.0,,,38.0,62.0,,,53.0,,90.0,52.0,,,,17.0,,,21.0,,,19.0,20.0,24.0,18.0,17.0,,17.0,27.0,28.0,31.0,21.0,7.0,,2024-07-02
420,21,+4,Taylor Swift - THE TORTURED POETS DEPARTMENT: THE ANTHOLOGY,75,1,(x14),4766,382,0.822,10.0,8.0,,,,,,,,,,2.0,,,,,,,,,,,,,,,,,,,,,,,2024-07-02
421,22,NEW,"Camila Cabello - C,XOXO",4,2,(x1),4673,3614,0.036,96.0,,23.0,,,,,7.0,8.0,,,,,,,,,9.0,,,,,,,,,,,,,,,,,2024-07-02
422,23,=,Whitney Houston - The Ultimate Collection,1934,4,,4670,83,8.446,,172.0,,70.0,,28.0,56.0,64.0,95.0,71.0,21.0,38.0,,36.0,57.0,33.0,,,,82.0,,28.0,70.0,,40.0,,51.0,,,,,,36.0,44.0,2024-07-02
423,24,+3,David Guetta - Listen,2162,1,(x7),4463,256,9.444,,181.0,157.0,114.0,46.0,44.0,45.0,,79.0,,,,24.0,,,72.0,,61.0,43.0,,,34.0,53.0,,36.0,19.0,,16.0,41.0,,,48.0,16.0,,2024-07-02
424,25,+1,The xx - xx,1257,14,,4438,191,5.999,,,137.0,103.0,108.0,51.0,28.0,59.0,92.0,87.0,46.0,30.0,31.0,,,62.0,11.0,,,,,,97.0,,,,,,,,,37.0,,,2024-07-02
425,26,+4,Various Artists - 80s 100 Hits,2332,19,,4233,59,7.068,,,,,,,55.0,94.0,50.0,,,,20.0,,,5.0,17.0,76.0,9.0,,22.0,8.0,4.0,3.0,3.0,,20.0,,4.0,8.0,24.0,16.0,,3.0,2024-07-02
426,27,+4,Lady Gaga & Bradley Cooper - A Star Is Born Soundtrack,1920,1,(x88),4150,89,12.049,,,159.0,86.0,,37.0,87.0,58.0,,,,49.0,26.0,,,20.0,24.0,,20.0,,39.0,45.0,32.0,19.0,13.0,,52.0,,,41.0,,,,32.0,2024-07-02
427,28,+208,Various Artists - Bridgerton Season Three,44,2,(x2),4027,2835,0.278,70.0,30.0,14.0,,,,,,,,,,,,,,,,,,,,,,,,,,,,,,,,2024-07-02
428,29,+3,Arctic Monkeys - AM,3247,1,(x10),3969,-19,11.991,,,,,48.0,,26.0,,,,67.0,20.0,,,,22.0,16.0,58.0,,,16.0,44.0,16.0,14.0,,,43.0,,32.0,,,,,25.0,2024-07-02
429,30,-14,Johnny Cash - Songwriter,5,4,,3958,-1142,0.041,27.0,2.0,,,,,,,,,,,,,,,,,,,,,,,,,,,,,,,,,2024-07-02
430,31,+6,One Direction - Midnight Memories,1293,1,(x5),3757,176,8.161,,,,91.0,,55.0,60.0,104.0,135.0,63.0,22.0,23.0,,34.0,35.0,,,150.0,,57.0,29.0,,60.0,43.0,,,,,6.0,,,,,23.0,2024-07-02
431,32,+139,AC/DC - Back In Black,508,5,,3687,2171,3.394,,41.0,,85.0,117.0,,,3.0,,,,,,,,67.0,,,,,,,29.0,,32.0,41.0,,,,,,,,,2024-07-02
432,33,+3,Michael Jackson - Michael Jackson's This Is It,979,13,,3661,77,5.199,,,,73.0,,45.0,32.0,51.0,94.0,,56.0,,21.0,33.0,45.0,,,,,,35.0,,,,,,,,,,,,,,2024-07-02
433,34,+129,Madeleine Peyroux - Let's Walk,4,28,,3515,1949,0.014,168.0,,6.0,,,,,,7.0,,,,,,,,,,,,,,,,,,,,,,,,,,2024-07-02
434,35,+6,Muse - The 2nd Law,795,11,,3471,98,5.238,,,125.0,67.0,92.0,,46.0,57.0,,,,,29.0,68.0,,113.0,26.0,,,39.0,,,58.0,,,,,,,51.0,,13.0,,,2024-07-02
435,36,+8,One Direction - FOUR,856,1,(x12),3375,284,6.479,,,,82.0,,47.0,103.0,,,74.0,36.0,37.0,,51.0,37.0,,40.0,,,52.0,34.0,,52.0,40.0,,,,,11.0,45.0,,,49.0,29.0,2024-07-02
436,37,+3,Sia - 1000 Forms of Fear,1821,1,(x1),3311,-65,9.314,,,,,44.0,,82.0,78.0,102.0,,,51.0,,,,29.0,,96.0,33.0,94.0,,,33.0,,29.0,22.0,,13.0,,47.0,,29.0,20.0,38.0,2024-07-02
437,38,-17,The Warning - Keep Me Fed,5,2,(x1),3262,-1342,0.043,51.0,5.0,,,,,,,,,,,,,,,,,,,,,,,,,,,,,,,,,2024-07-02
438,39,+3,George Michael - Ladies & Gentlemen: The Best of George Michael,1308,5,,3247,-75,3.979,,,,92.0,,,59.0,,,62.0,85.0,81.0,,,,11.0,,,29.0,,33.0,14.0,19.0,27.0,14.0,,19.0,40.0,45.0,40.0,29.0,22.0,28.0,,2024-07-02
439,40,-11,CÃ©line Dion - I AM: CELINE DION,12,5,,3200,-975,0.066,52.0,6.0,,,,,,,,,,,,,,,,,,,,,,,,,,,,,,,,,2024-07-02
440,41,+6,Birdy - Birdy,988,33,,3028,167,4.151,,,124.0,,,48.0,25.0,49.0,,44.0,,,22.0,,,79.0,,,,,,,,,,,,,,,,,,,2024-07-02
441,42,-8,Benson Boone - Fireworks & Rollerblades,88,3,(x3),2990,-788,0.445,35.0,,22.0,,,,,,,,,,,,,,,,,,,,,,,,,,49.0,,,,,,2024-07-02
442,43,-15,Rammstein - RAMMSTEIN,1342,1,(x21),2978,-1205,5.615,,175.0,,,53.0,42.0,101.0,86.0,,,,,28.0,,,65.0,,,,131.0,,,55.0,,,5.0,,1.0,,38.0,,,,,2024-07-02
443,44,+46,Teddy Swims - I've Tried Everything But Therapy,244,2,(x6),2925,758,1.478,9.0,61.0,,,,,,,,,,,,,,,,,,,,,,,,,,,,,,,,,2024-07-02
444,45,+4,One Direction - Made In the A.M.,962,1,(x6),2909,215,6.123,,,,71.0,,41.0,97.0,,,,84.0,47.0,,88.0,59.0,,,159.0,,46.0,27.0,,26.0,8.0,,,49.0,,13.0,44.0,46.0,,,41.0,2024-07-02
445,46,NEW,ALL(H)OURS - WITNESS - EP,1,46,,2905,2905,0.003,,,,18.0,,,,,,7.0,,,,,,,,,,,,,,,,,,,,,,,,,2024-07-02
446,47,+11,Avril Lavigne - Greatest Hits,9,2,(x1),2854,443,0.039,4.0,86.0,,,,,,,,,,,,,,,,,,,,,,,,,,,,,,,,,2024-07-02
447,48,+107,Pink Floyd - The Dark Side of the Moon,1437,2,(x3),2836,1179,6.039,191.0,,,11.0,73.0,,,,,,,,,,,,,,,,,,,,,,,,,,,,42.0,,2024-07-02
448,49,-16,"Nickelback - The Best of Nickelback, Vol. 1",469,7,,2784,-1083,3.482,31.0,,,,47.0,,,,,,,,,,,,,,,,,,,,,14.0,,29.0,,,32.0,,30.0,,2024-07-02
449,50,+4,Coldplay - X&Y,248,22,,2675,212,0.994,18.0,55.0,,,,,,,,,,,,,,,,,,,,,,,,,,,,,,,,,2024-07-02
450,51,-16,Kygo - KYGO,12,1,(x2),2593,-1023,0.081,71.0,14.0,,,,,,,,,,,,,,,,,,,,,,,,,,,,,,,,,2024-07-02
451,52,NEW,Peter Fox - Stadtaffe,228,52,,2589,1623,2.095,,21.0,,,,18.0,,,,,,,,,,,,,,,,,,,,,,,,,,,,,2024-07-02
452,53,NEW,Wanda - Ende nie,21,33,,2573,1622,0.063,,31.0,,,,4.0,,,,,,,,,,,,,,,,,,,,,,,,,,,,,2024-07-02
453,54,+9,Michael BublÃ© - To Be Loved,995,1,(x9),2516,128,6.661,,,,,,70.0,108.0,,88.0,65.0,,57.0,,,,40.0,21.0,,,132.0,,30.0,46.0,21.0,,,57.0,,,39.0,42.0,,43.0,31.0,2024-07-02
454,55,+52,Wilco - Hot Sun Cool Shroud - EP,4,7,,2501,469,0.018,,32.0,,,,,,,6.0,,,,,,,,,,,,,,,,,,,,,,,,,,2024-07-02
455,56,+13,Various Artists - Now That's What I Call a Summer Party,65,56,,2500,189,0.413,1.0,,,,,,,,,,,,,,,,,,,,,,,,,,,,,,,,,,2024-07-02
456,57,-1,Beatsteaks - PLEASE,5,44,,2500,49,0.013,,1.0,,,,,,,,,,,,,,,,,,,,,,,,,,,,,,,,,2024-07-02
457,58,-6,Various Artists - Radio Italia Summer Hits 2024,5,52,,2500,0,0.013,,,,1.0,,,,,,,,,,,,,,,,,,,,,,,,,,,,,,,2024-07-02
458,59,+3,Kino - ÐÐµÐ³ÐµÐ½Ð´Ð°,1057,48,,2500,97,2.514,,,,,1.0,,,,,,,,,,,,,,,,,,,,,,,,,,,,,,2024-07-02
459,60,NEW,Udo JÃ¼rgens - Best of Udo JÃ¼rgens,181,25,,2499,2499,1.88,,38.0,,,,17.0,,65.0,,,,,,,,,,,,,,,,,,,,,,,,,,,2024-07-02
460,61,+4,Taylor Swift - Lover,465,1,(x7),2496,136,1.977,17.0,,,,,,,,,,,1.0,,,,,,,,,,,,,,,,,9.0,,,,11.0,,2024-07-02
461,62,+35,"Shaboozey - Where I've Been, Isn't Where I'm Going",33,5,,2466,338,0.106,15.0,79.0,,,,,,,,,,,,,,,,,,,,,,,,,,,,,,,,,2024-07-02
462,63,+59,Madonna - Celebration,850,11,,2453,518,4.299,,,,63.0,,,50.0,,85.0,,,,,52.0,68.0,57.0,,,,89.0,28.0,49.0,93.0,,37.0,,,,,,,,,,2024-07-02
463,64,-4,David Hallyday - Requiem pour un fou,12,22,,2451,48,0.045,,,2.0,,,,,,,,,,,,,,,,,,,,,,,,,,,,,,,,2024-07-02
464,65,+2,Max Pezzali & 883 - Tutto Max,806,56,,2451,94,3.573,,,,2.0,,,,,,,,,,,,,,,,,,,,,,,,,,,,,,,2024-07-02
465,66,+17,ANNA ASTI - Ð¦Ð°ÑÐ¸ÑÐ°,99,49,,2451,229,0.223,,,,,2.0,,,,,,,,,,,,,,,,,,,,,,,,,,,,,,2024-07-02
466,67,-19,ABBA - ABBA Gold: Greatest Hits,1096,1,(x29),2434,-284,8.073,32.0,45.0,,,,,,,,,,,,,,,,,,,,,,,,,,,,,,,,,2024-07-02
467,68,-44,STAYC - Metamorphic,2,24,,2429,-2098,0.007,179.0,,16.0,,,,,,,,,,,,,,,7.0,,,,,,,,,,,,,,,,,2024-07-02
468,69,+8,Pink Floyd - The Endless River,998,1,(x10),2421,179,6.408,,,,64.0,,,,,,,,,30.0,75.0,,46.0,30.0,103.0,,,,,25.0,45.0,,25.0,23.0,,,,58.0,39.0,23.0,18.0,2024-07-02
469,70,-11,Shania Twain - Greatest Hits,51,34,,2403,0,0.249,3.0,,,,,,,,,,,,,,,,,,,,,,,,,,,,,,,,,,2024-07-02
470,71,-5,Various Artists - The Dome Summer 2024,26,30,,2403,46,0.071,,3.0,,,,,,,,,,,,,,,,,,,,,,,,,,,,,,,,,2024-07-02
471,72,-34,Pierre Garnier - Chaque seconde,25,19,,2403,-1096,0.09,,,3.0,,,,,,,,,,,,,,,,,,,,,,,,,,,,,,,,2024-07-02
472,73,-20,Monetochka - ÐÐ¾Ð»Ð¸ÑÐ²Ñ. ÐÐ½ÐµÐºÐ´Ð¾ÑÑ. Ð¢Ð¾ÑÑÑ.,34,43,,2403,-97,0.085,,,,,3.0,,,,,,,,,,,,,,,,,,,,,,,,,,,,,,2024-07-02
473,74,+7,Various Artists - NRJ Summer Hits Only 2024,12,61,,2357,135,0.027,,,4.0,,,,,,,,,,,,,,,,,,,,,,,,,,,,,,,,2024-07-02
474,75,-3,Various Artists - Battiti Live 2024,12,59,,2357,46,0.029,,,,4.0,,,,,,,,,,,,,,,,,,,,,,,,,,,,,,,2024-07-02
475,76,-19,Various Artists - Running Hits,2882,15,,2355,-76,8.606,,,,,,,,,,,,,,29.0,65.0,16.0,,,19.0,63.0,36.0,12.0,22.0,7.0,15.0,,53.0,,23.0,21.0,33.0,8.0,,14.0,2024-07-02
476,77,-32,Coldplay - Parachutes,107,26,,2311,-660,1.364,5.0,,,,,,,,,,,,,,,,,,,,,,,,,,,,,,,,,,2024-07-02
477,78,+22,Zaho de Sagazan - La symphonie des Ã©clairs,337,16,,2311,215,0.897,,,5.0,,,,,,,,,,,,,,,,,,,,,,,,,,,,,,,,2024-07-02
478,79,-4,Ultimo - ALTROVE,47,18,,2311,45,0.13,,,,5.0,,,,,,,,,,,,,,,,,,,,,,,,,,,,,,,2024-07-02
479,80,+22,Verschiedene Interpret:innen - The Very Best of Jazz: 50 Unforgettable Tracks,27,14,,2293,202,0.081,,,,120.0,32.0,,,,,,,,,,,,,55.0,38.0,,,,45.0,,23.0,,,,12.0,,,,,,2024-07-02
480,81,-3,Various Artists - Christmas Album,674,4,,2272,41,3.116,,,,113.0,,,69.0,,,,,,18.0,,,47.0,41.0,,30.0,,,15.0,57.0,50.0,20.0,,,,22.0,,,,,16.0,2024-07-02
481,82,+13,Vasco Rossi - VASCONONSTOP,979,37,,2266,129,3.271,,,,6.0,,,,,,,,,,,,,,,,,,,,,,,,,,,,,,,2024-07-02
482,83,-28,Keane - The Best of Keane,43,8,,2264,-187,0.402,7.0,,,,,,,,,,,,,,,,,,,,,,,,,,46.0,,,,,,,,2024-07-02
483,84,NEW,Sanja Vucic - Makadam - EP,1,84,,2245,2245,0.002,,,,,,5.0,,8.0,,,,,,,,,,,,,,,,,,,,,,,,,,,2024-07-02
484,85,+75,Roland Kaiser - Alles Kaiser,96,24,,2222,626,0.58,,7.0,,,,,,,,,,,,,,,,,,,,,,,,,,,,,,,,,2024-07-02
485,86,+53,MÃ¥neskin - RUSH,337,1,(x13),2222,463,1.474,,,7.0,,,,,,,,,,,,,,,,,,,,,,,,,,,,,,,,2024-07-02
486,87,-26,ANNA - VERA BADDIE,5,61,,2222,-181,0.012,,,,7.0,,,,,,,,,,,,,,,,,,,,,,,,,,,,,,,2024-07-02
487,88,NEW,Enigma - Love Sensuality Devotion: The Greatest Hits,1,88,,2222,2222,0.022,,,,,7.0,,,,,,,,,,,,,,,,,,,,,,,,,,,,,,2024-07-02
488,89,-38,Linkin Park - LIVING THINGS,816,12,,2190,-327,4.697,,173.0,,,,32.0,,55.0,,,,,19.0,,,45.0,,,27.0,98.0,,43.0,67.0,,,,,,,,,,,,2024-07-02
489,90,+3,Dua Lipa - Future Nostalgia,376,1,(x10),2179,42,2.108,8.0,,,,,,,,,,,,,,,,,,,,,,,,,,,,,,,,,,2024-07-02
490,91,-52,SANTA - RECOMMENCE-MOI,40,21,,2179,-1206,0.143,,,8.0,,,,,,,,,,,,,,,,,,,,,,,,,,,,,,,,2024-07-02
491,92,NEW,Mark Knopfler & Dire Straits - The Best of Dire Straits & Mark Knopfler: Private Investigations,515,7,,2179,2179,1.897,,,,,8.0,,,,,,,,,,,,,,,,,,,,,,,,,,,,,,2024-07-02
492,93,-13,Bernhard Brink - StÃ¤rker als die Ewigkeit,12,80,,2137,-85,0.026,,9.0,,,,,,,,,,,,,,,,,,,,,,,,,,,,,,,,,2024-07-02
493,94,+30,Soprano - Freedom,12,27,,2137,236,0.035,,,9.0,,,,,,,,,,,,,,,,,,,,,,,,,,,,,,,,2024-07-02
494,95,NEW,Fabrizio de AndrÃ© - In direzione ostinata e contraria,334,64,,2137,1288,1.853,,,,9.0,,,,,,,,,,,,,,,,,,,,,,,,,,,,,,,2024-07-02
495,96,NEW,Zivert - Vinyl #2,73,33,,2137,2137,0.181,,,,,9.0,,,,,,,,,,,,,,,,,,,,,,,,,,,,,,2024-07-02
496,97,-24,Various Artists - Fussball Sommerparty 2024,32,63,,2096,-170,0.068,,10.0,,,,,,,,,,,,,,,,,,,,,,,,,,,,,,,,,2024-07-02
497,98,-24,Shaka Ponk - Shaka Ponk,180,20,,2096,-170,0.42,,,10.0,,,,,,,,,,,,,,,,,,,,,,,,,,,,,,,,2024-07-02
498,99,NEW,Fabi Silvestri GazzÃ¨ - Il padrone della festa,13,79,,2096,1338,0.83,,,,10.0,,,,,,,,,,,,,,,,,,,,,,,,,,,,,,,2024-07-02
499,100,NEW,dekma - MASS EXTERMINATION,1,100,,2096,2096,0.002,,,,,10.0,,,,,,,,,,,,,,,,,,,,,,,,,,,,,,2024-07-02
500,101,-17,Skrillex - Bangarang,425,50,,2063,-140,2.363,,,,,55.0,46.0,,89.0,,,,,34.0,,,,,104.0,,,,,56.0,,,,,,,,,,,,2024-07-02
501,102,+10,Keane - Hopes and Fears,15,101,,2055,78,0.517,11.0,,,,,,,,,,,,,,,,,,,,,,,,,,,,,,,,,,2024-07-02
502,103,-16,Jul - Mise Ã jour,19,33,,2055,-124,0.048,,,11.0,,,,,,,,,,,,,,,,,,,,,,,,,,,,,,,,2024-07-02
503,104,NEW,"GÃ©za NovÃ¡k, Frantisek Kimel, Karel Patras, Serge Baudo & Czech Philharmonic Orchestra - Debussy: PrÃ©lude a l'apres-midi d'un faun, Images, Jeux - poeme dansÃ©, Dances for Harp and String Orchestra",1,104,,2055,2055,0.002,,,,,11.0,,,,,,,,,,,,,,,,,,,,,,,,,,,,,,2024-07-02
504,105,-62,Bon Jovi - Forever,26,1,(x7),2043,-1089,0.254,92.0,24.0,,,,,,,,,,,,,,,,,,,,,,,,,,,,,,,,,2024-07-02
505,106,-27,Coldplay - A Rush of Blood to the Head,103,19,,2016,-206,1.641,12.0,,,,,,,,,,,,,,,,,,,,,,,,,,,,,,,,,,2024-07-02
506,107,-37,Various Artists - Fetenhits 80's Maxi Classics,31,70,,2016,-295,0.122,,12.0,,,,,,,,,,,,,,,,,,,,,,,,,,,,,,,,,2024-07-02
507,108,NEW,Various Artists - Hits des annÃ©es 2000,91,76,,2016,2016,0.201,,,12.0,,,,,,,,,,,,,,,,,,,,,,,,,,,,,,,,2024-07-02
508,109,-21,Various Artists - 80's - The Platinum Collection,206,62,,2016,-163,0.606,,,,12.0,,,,,,,,,,,,,,,,,,,,,,,,,,,,,,,2024-07-02
509,110,NEW,Meditation Music Zone - Reshape Your Brain: Neuroplasticity Through Meditation,1,110,,2016,2016,0.002,,,,,12.0,,,,,,,,,,,,,,,,,,,,,,,,,,,,,,2024-07-02
510,111,-20,"Depeche Mode - The Best of Depeche Mode, Vol. 1",3605,8,,2015,-142,12.804,,,,,97.0,,,,,,,,,,,13.0,,,16.0,,37.0,16.0,12.0,,,26.0,40.0,11.0,,27.0,9.0,10.0,,,2024-07-02
511,112,+22,Luke Combs - Fathers & Sons,19,11,,1977,184,0.064,13.0,,,,,,,,,,,,,,,,,,,,,,,,,,,,,,,,,,2024-07-02
512,113,+5,Various Artists - Ballermann Hits 2024,46,31,,1977,38,0.11,,13.0,,,,,,,,,,,,,,,,,,,,,,,,,,,,,,,,,2024-07-02
513,114,+43,JÃ©rÃ´me Rebotier - Le Comte de Monte Cristo,4,106,,1977,350,0.008,,,13.0,,,,,,,,,,,,,,,,,,,,,,,,,,,,,,,,2024-07-02
514,115,NEW,Depeche Mode - Memento Mori,165,1,(x16),1977,1977,1.261,,,,13.0,,,,,,,,,,,,,,,,,,,,,,,,,,,,,,,2024-07-02
515,116,NEW,The Hit House & LICK - Highrider - EP,1,116,,1977,1977,0.002,,,,,13.0,,,,,,,,,,,,,,,,,,,,,,,,,,,,,,2024-07-02
516,117,-1,Macklemore & Ryan Lewis - The Heist,687,6,,1949,-26,4.634,,,152.0,,,36.0,96.0,60.0,,,,48.0,36.0,,,97.0,,,,,,,,,,,,,,,,,,,2024-07-02
517,118,+124,Various Artists - NOW That's What I Call Timeless... The Songs,674,49,,1939,766,1.435,14.0,,,,,,,,,,,,,,,,,,,,,,,,,,,,,,,,,,2024-07-02
518,119,-18,"Various Artists - Insomnia Selection, Vol. 1",15,83,,1939,-157,0.043,,,,14.0,,,,,,,,,,,,,,,,,,,,,,,,,,,,,,,2024-07-02
519,120,NEW,Jason Raso - Stringspan,1,120,,1939,1939,0.002,,,,,14.0,,,,,,,,,,,,,,,,,,,,,,,,,,,,,,2024-07-02
520,121,NEW,Lola Young - This Wasn't Meant For You Anyway,4,38,,1901,1901,0.012,,15.0,,,,,,,,,,,,,,,,,,,,,,,,,,,,,,,,,2024-07-02
521,122,+52,Petit Biscuit - Discipline,4,108,,1901,395,0.008,,,15.0,,,,,,,,,,,,,,,,,,,,,,,,,,,,,,,,2024-07-02
522,123,NEW,Ultimo - Alba,111,18,,1901,1901,0.237,,,,15.0,,,,,,,,,,,,,,,,,,,,,,,,,,,,,,,2024-07-02
523,124,NEW,Lounge Chill Music - Hotel Lounge Music - The Best Lounge Music - Jazz Music - Hotel Lounge Music - Romantic Music - Wedding Songs - Piano Covers - Lounge Piano Music - Bar Lounge CaffÃ¨,1,124,,1901,1901,0.002,,,,,15.0,,,,,,,,,,,,,,,,,,,,,,,,,,,,,,2024-07-02
524,125,-27,Coldplay - Live 2012,81,14,,1865,-231,1.52,16.0,,,,,,,,,,,,,,,,,,,,,,,,,,,,,,,,,,2024-07-02
525,126,-40,K.I.Z - GÃ¶rlitzer Park,12,25,,1865,-314,0.033,,16.0,,,,,,,,,,,,,,,,,,,,,,,,,,,,,,,,,2024-07-02
526,127,-22,Geolier - DIO LO SA,26,25,,1865,-190,0.066,,,,16.0,,,,,,,,,,,,,,,,,,,,,,,,,,,,,,,2024-07-02
527,128,NEW,Enei - Sinking - EP,1,128,,1865,1865,0.002,,,,,16.0,,,,,,,,,,,,,,,,,,,,,,,,,,,,,,2024-07-02
528,129,NEW,"Jerome, Markus Gardeweg & Neptunica - Kontor Top of the Clubs 2024.01",114,23,,1829,722,0.279,,17.0,,,,,,,,,,,,,,,,,,,,,,,,,,,,,,,,,2024-07-02
529,130,NEW,CÃ©line Dion - D'eux,105,30,,1829,1653,0.886,,,17.0,,,,,,,,,,,,,,,,,,,,,,,,,,,,,,,,2024-07-02
530,131,NEW,Ultimo - Colpa delle favole,405,28,,1829,1829,1.023,,,,17.0,,,,,,,,,,,,,,,,,,,,,,,,,,,,,,,2024-07-02
531,132,NEW,Habstrakt & Roderick Porter - Outer Space,1,132,,1829,1829,0.002,,,,,17.0,,,,,,,,,,,,,,,,,,,,,,,,,,,,,,2024-07-02
532,133,+19,The xx - Coexist,528,36,,1814,141,3.811,,,,,,,37.0,76.0,,,,66.0,,,,52.0,15.0,,,,,,89.0,,,,,,,48.0,53.0,27.0,,,2024-07-02
533,134,-35,K.I.Z - Und der Anschlag auf die U8,12,43,,1793,-303,0.028,,18.0,,,,,,,,,,,,,,,,,,,,,,,,,,,,,,,,,2024-07-02
534,135,NEW,U2 - The Best Of 1980-1990,128,7,,1793,1793,0.949,,,18.0,,,,,,,,,,,,,,,,,,,,,,,,,,,,,,,,2024-07-02
535,136,NEW,Coroico - Coroico - EP,1,136,,1793,1793,0.002,,,,,18.0,,,,,,,,,,,,,,,,,,,,,,,,,,,,,,2024-07-02
536,137,+33,"Billie Eilish - WHEN WE ALL FALL ASLEEP, WHERE DO WE GO",1042,1,(x59),1762,232,8.508,197.0,,89.0,,102.0,86.0,109.0,,,,,,,,,60.0,,,,,,,86.0,,,31.0,,34.0,,,,,,,2024-07-02
537,138,+4,Various Artists - NOW That's What I Call Music 117,89,48,,1759,34,0.21,19.0,,,,,,,,,,,,,,,,,,,,,,,,,,,,,,,,,,2024-07-02
538,139,-26,Die drei ??? - Folge 227: Melodie der Rache,45,27,,1759,-218,0.136,,19.0,,,,,,,,,,,,,,,,,,,,,,,,,,,,,,,,,2024-07-02
539,140,-12,Shaka Ponk - Apelogies,48,34,,1759,-106,0.173,,,19.0,,,,,,,,,,,,,,,,,,,,,,,,,,,,,,,,2024-07-02
540,141,NEW,Alton Miller - Reflections Within,1,141,,1759,1759,0.002,,,,19.0,,,,,,,,,,,,,,,,,,,,,,,,,,,,,,,2024-07-02
541,142,NEW,KingCrown - Wake Up Call,1,142,,1759,1759,0.002,,,,,19.0,,,,,,,,,,,,,,,,,,,,,,,,,,,,,,2024-07-02
542,143,-32,Mikhail Krug - 50 Greatest Hits,826,45,,1740,-243,3.175,,,,,29.0,,,,,,,,,,,,,,,,,,,,,16.0,,45.0,,,,,26.0,,2024-07-02
543,144,-1,Yves Murasca & Rosario Galati - DÃ©epalma Ibiza 2024,15,23,,1725,0,0.046,,20.0,,,,,,,,,,,,,,,,,,,,,,,,,,,,,,,,,2024-07-02
544,145,NEW,Kneecap - Fine Art,5,26,,1725,1725,0.018,,,,20.0,,,,,,,,,,,,,,,,,,,,,,,,,,,,,,,2024-07-02
545,146,NEW,Momot - Cinema World,1,146,,1725,1725,0.002,,,,,20.0,,,,,,,,,,,,,,,,,,,,,,,,,,,,,,2024-07-02
546,147,=,Various Artists - Intouchables,206,36,,1700,-9,2.731,,,158.0,,,,,72.0,,55.0,,,,,,24.0,,,41.0,,,42.0,,,25.0,,,,,52.0,,47.0,,,2024-07-02
547,148,+1,The Last Dinner Party - Prelude to Ecstasy,43,1,(x2),1692,0,0.206,21.0,,,,,,,,,,,,,,,,,,,,,,,,,,,,,,,,,,2024-07-02
548,149,NEW,Various Artists - Le livre de la Jungle,1,149,,1692,1692,0.003,,,21.0,,,,,,,,,,,,,,,,,,,,,,,,,,,,,,,,2024-07-02
549,150,NEW,Silent Theory - For What It's Worth - EP,1,150,,1692,1692,0.002,,,,21.0,,,,,,,,,,,,,,,,,,,,,,,,,,,,,,,2024-07-02
550,151,NEW,Momot - Corporate World,1,151,,1692,1692,0.002,,,,,21.0,,,,,,,,,,,,,,,,,,,,,,,,,,,,,,2024-07-02
551,152,-35,Coldplay - Music of the Spheres,323,1,(x11),1686,-284,1.805,23.0,,,,,,,,,,,,,,,,,,,,,,,,,,,,28.0,,,,,,2024-07-02
552,153,NEW,Eros Ramazzotti - Eros Best Love Songs,57,55,,1686,1000,1.017,,,,100.0,,,,4.0,,,,,,,,,,,,,,,59.0,,,,,,,,,,,52.0,2024-07-02
553,154,+69,Juanjo Bona - Lo Mejor De Juanjo Bona,2,154,,1672,422,0.013,,92.0,,,,,,,2.0,,,,,,,,,,,,,,,,,,,,,,,,,,2024-07-02
554,155,+27,Prince - Ultimate,314,2,(x3),1667,212,2.294,,,,,,,49.0,,,54.0,42.0,45.0,,,48.0,96.0,,,,,,,,,,,,,,,,,,,2024-07-02
555,156,NEW,Various Artists - 40 Meisterwerke - Entspannung,36,58,,1659,1063,0.245,,22.0,,,,,,,,,,,,,,,,,,,,,,,,,,,,,,,,,2024-07-02
556,157,NEW,HÃ©ctor MaurÃ© - Tangos para Escuchar en Silencio,1,157,,1659,1659,0.002,,,,22.0,,,,,,,,,,,,,,,,,,,,,,,,,,,,,,,2024-07-02
557,158,NEW,Momot - Cinematic Collection,1,158,,1659,1659,0.002,,,,,22.0,,,,,,,,,,,,,,,,,,,,,,,,,,,,,,2024-07-02
558,159,-21,LINKIN PARK - The Hunting Party,443,2,(x4),1647,-144,3.222,,,,,54.0,81.0,,103.0,,,,,,,,94.0,,,,,,,,,,32.0,,20.0,,,,,,,2024-07-02
559,160,-57,"Various Artists - Fetenhits 80s Maxi Classics, Vol. 2",12,82,,1627,-428,0.027,,23.0,,,,,,,,,,,,,,,,,,,,,,,,,,,,,,,,,2024-07-02
560,161,NEW,Olkoth - At the Eye of Chaos,1,161,,1627,1627,0.002,,,,23.0,,,,,,,,,,,,,,,,,,,,,,,,,,,,,,,2024-07-02
561,162,NEW,"Evgeny Svetlanov - ARSM II, Vol. 41. Shostakovich: Symphony No. 10, Op. 93",1,162,,1627,1627,0.002,,,,,23.0,,,,,,,,,,,,,,,,,,,,,,,,,,,,,,2024-07-02
562,163,-1,Various Artists - NOW - Yearbook 1993,5,70,,1596,30,0.009,24.0,,,,,,,,,,,,,,,,,,,,,,,,,,,,,,,,,,2024-07-02
563,164,NEW,Various Artists - Soy Cubano,1,164,,1596,1596,0.002,,,,24.0,,,,,,,,,,,,,,,,,,,,,,,,,,,,,,,2024-07-02
564,165,NEW,KingCrown - A Perfect World,1,165,,1596,1596,0.002,,,,,24.0,,,,,,,,,,,,,,,,,,,,,,,,,,,,,,2024-07-02
565,166,-20,ADELE - 19,432,7,,1595,-120,3.029,,,150.0,,,,81.0,90.0,100.0,39.0,,,,93.0,,,,,,103.0,,,,,,,,,,,,,,,2024-07-02
566,167,+44,Fleetwood Mac - Greatest Hits,545,4,,1590,274,2.846,110.0,,,,,,35.0,,,59.0,,46.0,,,,,,,,,,,,,,,,,,,,,,,2024-07-02
567,168,NEW,Various Artists - 80s Forever,14,61,,1566,875,0.053,25.0,,,,,,,,,,,,,,,,,,,,,,,,,,,,,,,,,,2024-07-02
568,169,NEW,"Various Artists - Bravo Hits, Vol. 125",60,31,,1566,480,0.165,,25.0,,,,,,,,,,,,,,,,,,,,,,,,,,,,,,,,,2024-07-02
569,170,NEW,Arthur H - LA VIE VIVANTE,4,108,,1566,1566,0.008,,,25.0,,,,,,,,,,,,,,,,,,,,,,,,,,,,,,,,2024-07-02
570,171,NEW,CM - Dream Universe,1,171,,1566,1566,0.002,,,,25.0,,,,,,,,,,,,,,,,,,,,,,,,,,,,,,,2024-07-02
571,172,NEW,Marcel Yammouni - Eclecticity,1,172,,1566,1566,0.002,,,,,25.0,,,,,,,,,,,,,,,,,,,,,,,,,,,,,,2024-07-02
572,173,-17,The Beach Boys - The Very Best of the Beach Boys: Sounds of Summer,61,14,,1560,-67,0.277,113.0,,,,,,,,,1.0,,,,,,,,,,,,,,,,,,,,,,,,,2024-07-02
573,174,+12,Various Artists - Drive,187,60,,1541,101,2.455,,,,,,,77.0,91.0,,,24.0,35.0,,,,26.0,,,,,32.0,,,,,,,,,,,,,,2024-07-02
574,175,-27,Dua Lipa - Dua Lipa,377,4,,1539,-157,1.883,28.0,,,,,,,,,,,,,,,,,,,,,,,,,,,,,,26.0,,,,2024-07-02
575,176,-10,Jungle - Volcano,43,2,(x2),1536,0,0.203,26.0,,,,,,,,,,,,,,,,,,,,,,,,,,,,,,,,,,2024-07-02
576,177,-4,Joe Bonamassa - Live At The Hollywood Bowl With Orchestra,11,6,,1536,30,0.039,,26.0,,,,,,,,,,,,,,,,,,,,,,,,,,,,,,,,,2024-07-02
577,178,NEW,Gwennyn - Immram,1,178,,1536,1536,0.002,,,26.0,,,,,,,,,,,,,,,,,,,,,,,,,,,,,,,,2024-07-02
578,179,NEW,Paulo Flores - Bolo de AniversÃ¡rio,1,179,,1536,1536,0.002,,,,26.0,,,,,,,,,,,,,,,,,,,,,,,,,,,,,,,2024-07-02
579,180,NEW,"Business Background Music Consort - Monday Office Inspiration: Compilation of Jazz Music for Happy Start of the Day & Whole Week, Daily Mindfulness, Time for Instant Energy",1,180,,1536,1536,0.002,,,,,26.0,,,,,,,,,,,,,,,,,,,,,,,,,,,,,,2024-07-02
580,181,-31,Anastacia - Our Songs,72,2,(x3),1534,-158,0.27,,85.0,,,,,,,,11.0,,,,,,,,,,,,,,,,,,,,,,,,,2024-07-02
581,182,NEW,Various Artists - To Sing of Love,1,182,,1506,1506,0.002,,,27.0,,,,,,,,,,,,,,,,,,,,,,,,,,,,,,,,2024-07-02
582,183,NEW,Islander - Pains. - EP,1,183,,1506,1506,0.002,,,,27.0,,,,,,,,,,,,,,,,,,,,,,,,,,,,,,,2024-07-02
583,184,NEW,Various Artists - Nuestros Boleros,1,184,,1506,1506,0.002,,,,,27.0,,,,,,,,,,,,,,,,,,,,,,,,,,,,,,2024-07-02
584,185,-2,Gianna Nannini - Sei nel l'anima,59,10,,1477,28,0.195,,28.0,,,,,,,,,,,,,,,,,,,,,,,,,,,,,,,,,2024-07-02
585,186,NEW,Michael Head & The Red Elastic Band - Loophole & Live,2,127,,1477,1477,0.006,,,28.0,,,,,,,,,,,,,,,,,,,,,,,,,,,,,,,,2024-07-02
586,187,NEW,Sultans of Swing - Move It To the Left / Dance Together - EP,1,187,,1477,1477,0.001,,,,28.0,,,,,,,,,,,,,,,,,,,,,,,,,,,,,,,2024-07-02
587,188,NEW,Michael O'Neill & Peter Van Der Fluit - Romeo and Juliet: A Love Song,1,188,,1477,1477,0.001,,,,,28.0,,,,,,,,,,,,,,,,,,,,,,,,,,,,,,2024-07-02
588,189,-24,AC/DC - Iron Man 2,335,29,,1470,-90,2.669,,,,,43.0,,,,,,,,,,,68.0,,155.0,,,,,61.0,,,42.0,,,,,,,,,2024-07-02
589,190,NEW,Dikka - Boom Schakkalakka,5,132,,1449,423,0.076,,29.0,,,,,,,,,,,,,,,,,,,,,,,,,,,,,,,,,2024-07-02
590,191,NEW,David Gogo - YEAH,1,191,,1449,1449,0.001,,,29.0,,,,,,,,,,,,,,,,,,,,,,,,,,,,,,,,2024-07-02
591,192,NEW,Pranayama Bhate - Musica Buddista Tibetana - Stupende canzoni asiatiche tradizionali,1,192,,1449,1449,0.001,,,,29.0,,,,,,,,,,,,,,,,,,,,,,,,,,,,,,,2024-07-02
592,193,NEW,Rod Stewart - Some Guys Have All the Luck,125,14,,1428,1318,1.428,182.0,,,,,3.0,,,,,,80.0,,,,,,,,,,,,,,,,,,,,,,,2024-07-02
593,194,+54,Chappell Roan - The Rise and Fall of a Midwest Princess,6,89,,1421,271,0.029,30.0,,,,,,,,,,,,,,,,,,,,,,,,,,,,,,,,,,2024-07-02
594,195,NEW,GiolÃ¬ & Assia - Resurrection,1,195,,1421,1421,0.002,,,30.0,,,,,,,,,,,,,,,,,,,,,,,,,,,,,,,,2024-07-02
595,196,NEW,Bonnie Jeanne Taylor - Let's Dance,1,196,,1421,1421,0.001,,,,30.0,,,,,,,,,,,,,,,,,,,,,,,,,,,,,,,2024-07-02
596,197,NEW,Chick Corea Elektric Band II & Chick Corea - Paint the World,1,197,,1394,1394,0.001,,,31.0,,,,,,,,,,,,,,,,,,,,,,,,,,,,,,,,2024-07-02
597,198,NEW,Silent Theory - Black Tie Affair,1,198,,1394,1394,0.001,,,,31.0,,,,,,,,,,,,,,,,,,,,,,,,,,,,,,,2024-07-02
598,199,-107,CÃ©line Dion - My Love - Essential Collection,48,36,,1384,-771,0.816,33.0,,,,,,,,,,,,,,,,,,,,,,,,,,,,,,,,45.0,,2024-07-02
599,200,NEW,Bob Marley & The Wailers - Legend â The Best Of Bob Marley & The Wailers,400,2,(x2),1384,499,1.551,120.0,43.0,,,,,,,,,,,,,,,,,,,,,,,,,,,,,,,,,2024-07-02
